item,cond,adjunct,contrast,pronoun,og_sent,sent,mask_sents,auto_sents,target,/data/new-wikitext103-25-models/wikitext-103_LSTM_400_1-d0.2.pt_surp,/data/new-wikitext103-25-models/wikitext-103_LSTM_400_2-d0.2.pt_surp,/data/new-wikitext103-25-models/wikitext-103_LSTM_400_3-d0.2.pt_surp,/data/new-wikitext103-25-models/wikitext-103_LSTM_400_4-d0.2.pt_surp,/data/new-wikitext103-25-models/wikitext-103_LSTM_400_5-d0.2.pt_surp,/data/new-wikitext103-25-models/wikitext-103_LSTM_400_6-d0.2.pt_surp,/data/new-wikitext103-25-models/wikitext-103_LSTM_400_7-d0.2.pt_surp,/data/new-wikitext103-25-models/wikitext-103_LSTM_400_8-d0.2.pt_surp,/data/new-wikitext103-25-models/wikitext-103_LSTM_400_9-d0.2.pt_surp,/data/new-wikitext103-25-models/wikitext-103_LSTM_400_10-d0.2.pt_surp,/data/new-wikitext103-25-models/wikitext-103_LSTM_400_11-d0.2.pt_surp,/data/new-wikitext103-25-models/wikitext-103_LSTM_400_12-d0.2.pt_surp,/data/new-wikitext103-25-models/wikitext-103_LSTM_400_13-d0.2.pt_surp,/data/new-wikitext103-25-models/wikitext-103_LSTM_400_14-d0.2.pt_surp,/data/new-wikitext103-25-models/wikitext-103_LSTM_400_15-d0.2.pt_surp,/data/new-wikitext103-25-models/wikitext-103_LSTM_400_16-d0.2.pt_surp,/data/new-wikitext103-25-models/wikitext-103_LSTM_400_17-d0.2.pt_surp,/data/new-wikitext103-25-models/wikitext-103_LSTM_400_18-d0.2.pt_surp,/data/new-wikitext103-25-models/wikitext-103_LSTM_400_19-d0.2.pt_surp,/data/new-wikitext103-25-models/wikitext-103_LSTM_400_20-d0.2.pt_surp,/data/new-wikitext103-25-models/wikitext-103_LSTM_400_21-d0.2.pt_surp,/data/new-wikitext103-25-models/wikitext-103_LSTM_400_22-d0.2.pt_surp,/data/new-wikitext103-25-models/wikitext-103_LSTM_400_23-d0.2.pt_surp,/data/new-wikitext103-25-models/wikitext-103_LSTM_400_24-d0.2.pt_surp,/data/new-wikitext103-25-models/wikitext-103_LSTM_400_25-d0.2.pt_surp
1,CATAMARAN-OBJ-Misma,Constraint,Mismatch,her,"Before offering her a fancy pastry, Michael politely asked Emily whether he had any preference.","Before offering her a fancy pastry, the","Before offering her a fancy pastry, the MASKTOKEN politely asked Emily whether he had any preference.","Before offering her a fancy pastry, the",man,8.607231140136719,8.566999435424805,7.936708927154541,8.890942573547363,8.830204010009766,9.134073257446289,9.098847389221191,8.64208984375,8.476236343383789,7.927746772766113,9.250428199768066,7.8975911140441895,8.150557518005371,8.762943267822266,8.108220100402832,8.598876953125,8.536712646484375,8.00012493133545,8.303815841674805,7.700242519378662,8.764700889587402,8.668694496154785,8.522350311279297,7.509735107421875,9.059836387634277
1,CATAMARAN-OBJ-Match,Constraint,Match,him,"Before offering him a fancy pastry, Michael politely asked Tyler whether he had any preference.","Before offering him a fancy pastry, the","Before offering him a fancy pastry, the MASKTOKEN politely asked Tyler whether he had any preference.","Before offering him a fancy pastry, the",man,8.218219757080078,8.234953880310059,7.7177557945251465,8.574240684509277,8.318385124206543,8.8543701171875,8.751872062683105,8.319633483886719,8.14688491821289,7.946193218231201,8.670467376708984,7.653417587280273,7.792148590087891,8.440439224243164,7.85164213180542,8.160857200622559,8.223469734191895,7.517414569854736,8.089313507080078,7.182092189788818,8.646186828613281,8.460526466369629,8.351404190063477,7.110357761383057,8.737699508666992
1,CATAMARAN-GEN-Misma,No Constraint,Mismatch,her,"Before offering her son a fancy pastry, Michael politely asked Emily whether he had any preference.","Before offering her son a fancy pastry, the","Before offering her son a fancy pastry, the MASKTOKEN politely asked Emily whether he had any preference.","Before offering her son a fancy pastry, the",man,8.269866943359375,8.30451488494873,7.776467800140381,8.678153991699219,8.601651191711426,8.94809341430664,8.419088363647461,8.40013599395752,7.969102382659912,7.670156955718994,8.83459758758545,7.434895038604736,8.035561561584473,8.607696533203125,7.865717887878418,8.069496154785156,7.917486667633057,7.682662487030029,8.146241188049316,7.452239513397217,8.528138160705566,8.54550552368164,8.247937202453613,7.328575611114502,8.817377090454102
1,CATAMARAN-GEN-Match,No Constraint,Match,his,"Before offering his son a fancy pastry, Michael politely asked Tyler whether he had any preference.","Before offering his son a fancy pastry, the","Before offering his son a fancy pastry, the MASKTOKEN politely asked Tyler whether he had any preference.","Before offering his son a fancy pastry, the",man,7.957386016845703,7.7732110023498535,7.562385082244873,8.30033016204834,8.191367149353027,8.315140724182129,8.122227668762207,8.199642181396484,7.687441349029541,7.593210220336914,8.441488265991211,7.486533164978027,7.80237340927124,8.264325141906738,7.602719306945801,7.657784938812256,7.542562007904053,7.277414321899414,7.929423809051514,6.996979236602783,8.388845443725586,8.387510299682617,7.871095657348633,6.953009605407715,8.731830596923828
2,CATAMARAN-GEN-Match,No Constraint,Match,his,"While driving his daughter to school on Friday, Christopher casually told Juan that he would pick up everyone early for a surprise.","While driving his daughter to school on Friday, the","While driving his daughter to school on Friday, the MASKTOKEN casually told Juan that he would pick up everyone early for a surprise.","While driving his daughter to school on Friday, the",man,9.361601829528809,8.28678035736084,9.218164443969727,7.268305778503418,8.068373680114746,8.953649520874023,8.32162857055664,8.034283638000488,8.268412590026855,7.691416263580322,10.195857048034668,8.272205352783203,8.679930686950684,7.851931095123291,9.565077781677246,9.322993278503418,7.7352070808410645,8.751197814941406,9.352411270141602,8.635640144348145,8.497089385986328,8.950922012329102,7.794616222381592,8.447835922241211,9.082460403442383
2,CATAMARAN-OBJ-Misma,Constraint,Mismatch,her,"While driving her to school on Friday, Christopher casually told Hannah that he would pick up everyone early for a surprise.","While driving her to school on Friday, the","While driving her to school on Friday, the MASKTOKEN casually told Hannah that he would pick up everyone early for a surprise.","While driving her to school on Friday, the",man,9.92635726928711,8.704792022705078,9.34720230102539,7.6984758377075195,8.505504608154297,9.531493186950684,8.267234802246094,8.27641487121582,8.581103324890137,7.783249378204346,10.95598030090332,8.873370170593262,9.12669849395752,8.56814956665039,10.053751945495605,9.338817596435547,8.403009414672852,9.633938789367676,9.80912971496582,9.011056900024414,8.765130043029785,9.446474075317383,8.466444969177246,8.433974266052246,9.4108247756958
2,CATAMARAN-OBJ-Match,Constraint,Match,him,"While driving him to school on Friday, Christopher casually told Juan that he would pick up everyone early for a surprise.","While driving him to school on Friday, the","While driving him to school on Friday, the MASKTOKEN casually told Juan that he would pick up everyone early for a surprise.","While driving him to school on Friday, the",man,9.447765350341797,8.518420219421387,9.042977333068848,7.190941333770752,7.918064594268799,9.063014030456543,8.104326248168945,7.9786834716796875,8.326848030090332,7.435291290283203,10.594144821166992,8.477119445800781,8.763371467590332,7.915995121002197,9.686493873596191,8.890456199645996,8.007871627807617,8.839200019836426,9.239761352539062,7.957901954650879,8.418098449707031,8.84931755065918,8.09896183013916,8.130071640014648,8.881486892700195
2,CATAMARAN-GEN-Misma,No Constraint,Mismatch,her,"While driving her daughter to school on Friday, Christopher casually told Hannah that he would pick up everyone early for a surprise.","While driving her daughter to school on Friday, the","While driving her daughter to school on Friday, the MASKTOKEN casually told Hannah that he would pick up everyone early for a surprise.","While driving her daughter to school on Friday, the",man,9.494918823242188,8.34811019897461,9.503292083740234,7.43881893157959,8.560724258422852,9.188220977783203,8.381767272949219,8.107577323913574,8.45082950592041,7.647501468658447,10.515860557556152,8.310816764831543,8.829788208007812,8.271236419677734,9.82775592803955,9.531000137329102,7.900204658508301,9.344533920288086,9.540742874145508,8.89571475982666,8.553547859191895,9.284512519836426,8.036431312561035,8.446663856506348,9.223442077636719
3,CATAMARAN-GEN-Misma,No Constraint,Mismatch,her,"While baking her friends some cookies, Nicholas happily informed Kayla about all the positive new changes in his life.","While baking her friends some cookies, the","While baking her friends some cookies, the MASKTOKEN happily informed Kayla about all the positive new changes in his life.","While baking her friends some cookies, the",man,8.692238807678223,9.046188354492188,8.461470603942871,9.337591171264648,8.760505676269531,8.86609172821045,8.86640453338623,9.249810218811035,8.510811805725098,8.506330490112305,9.244271278381348,7.833453178405762,9.164708137512207,8.491891860961914,8.905125617980957,9.019939422607422,8.016679763793945,8.33047103881836,8.63162899017334,7.905167102813721,8.394298553466797,8.869624137878418,8.784737586975098,8.356233596801758,8.909688949584961
3,CATAMARAN-GEN-Match,No Constraint,Match,his,"While baking his friends some cookies, Nicholas happily informed Luke about all the positive new changes in his life.","While baking his friends some cookies, the","While baking his friends some cookies, the MASKTOKEN happily informed Luke about all the positive new changes in his life.","While baking his friends some cookies, the",man,8.334691047668457,8.606037139892578,8.111207008361816,8.895780563354492,7.908866882324219,8.590325355529785,8.560457229614258,9.020169258117676,8.249541282653809,8.247453689575195,8.682580947875977,7.641164302825928,8.76915168762207,7.94234037399292,8.54864501953125,8.600325584411621,7.664520263671875,7.677012920379639,8.514422416687012,7.353821277618408,8.129974365234375,8.65860366821289,8.32938003540039,8.048954010009766,8.642141342163086
3,CATAMARAN-OBJ-Misma,Constraint,Mismatch,her,"While baking her some cookies, Nicholas happily informed Kayla about all the positive new changes in his life.","While baking her some cookies, the","While baking her some cookies, the MASKTOKEN happily informed Kayla about all the positive new changes in his life.","While baking her some cookies, the",man,8.671647071838379,9.371793746948242,8.565909385681152,8.710227966308594,8.723713874816895,9.328140258789062,8.697013854980469,8.954497337341309,8.723443984985352,8.259099006652832,9.391712188720703,7.938753604888916,8.932565689086914,8.653698921203613,8.804658889770508,9.165979385375977,8.205965995788574,8.249724388122559,8.900283813476562,8.309167861938477,8.54214096069336,8.868847846984863,8.520099639892578,8.134103775024414,8.871843338012695
3,CATAMARAN-OBJ-Match,Constraint,Match,him,"While baking him some cookies, Nicholas happily informed Luke about all the positive new changes in his life.","While baking him some cookies, the","While baking him some cookies, the MASKTOKEN happily informed Luke about all the positive new changes in his life.","While baking him some cookies, the",man,8.128917694091797,8.906375885009766,8.334100723266602,8.498888969421387,7.84572172164917,8.732131004333496,8.4312744140625,8.761154174804688,8.735115051269531,7.979475498199463,8.76287841796875,7.654298305511475,8.578999519348145,7.961544513702393,8.551651954650879,8.73976993560791,7.557788372039795,7.811746120452881,8.482572555541992,7.456615924835205,8.263873100280762,8.507704734802246,8.399656295776367,7.7796807289123535,8.467894554138184
4,CATAMARAN-OBJ-Match,Constraint,Match,him,"After lifting him onto the bus, Brandon carefully sat Derek down in one of the front-most seats.","After lifting him onto the bus, the","After lifting him onto the bus, the MASKTOKEN carefully sat Derek down in one of the front-most seats.","After lifting him onto the bus, the",man,7.928064346313477,7.958498477935791,7.997526168823242,7.216737270355225,7.667555332183838,8.371492385864258,8.043962478637695,7.851498603820801,8.901336669921875,7.161925792694092,8.089594841003418,8.435117721557617,7.442996501922607,7.745941162109375,8.088201522827148,7.824405670166016,7.615869045257568,7.543900489807129,8.512809753417969,6.926310062408447,7.855604648590088,8.213667869567871,8.02107048034668,7.418750762939453,8.101195335388184
4,CATAMARAN-GEN-Misma,No Constraint,Mismatch,her,"After lifting her neighbor onto the bus, Brandon carefully sat Amber down in one of the front-most seats.","After lifting her neighbor onto the bus, the","After lifting her neighbor onto the bus, the MASKTOKEN carefully sat Amber down in one of the front-most seats.","After lifting her neighbor onto the bus, the",man,8.191734313964844,8.097638130187988,7.9877424240112305,7.584445953369141,8.245122909545898,8.306304931640625,7.976328372955322,8.403399467468262,8.64348316192627,7.303461074829102,8.292899131774902,8.371119499206543,7.700203895568848,8.367704391479492,8.136983871459961,8.189743041992188,7.618658065795898,7.662346839904785,8.408946990966797,7.619466304779053,7.803418159484863,8.585643768310547,8.124714851379395,7.585327625274658,8.271194458007812
4,CATAMARAN-GEN-Match,No Constraint,Match,his,"After lifting his neighbor onto the bus, Brandon carefully sat Derek down in one of the front-most seats.","After lifting his neighbor onto the bus, the","After lifting his neighbor onto the bus, the MASKTOKEN carefully sat Derek down in one of the front-most seats.","After lifting his neighbor onto the bus, the",man,7.876034736633301,7.667128086090088,7.634341239929199,7.223332405090332,7.5592241287231445,7.979096412658691,7.704945087432861,7.973972797393799,8.254695892333984,6.988347053527832,7.811270236968994,8.234928131103516,7.334956169128418,7.89033842086792,7.833974838256836,7.742092132568359,7.300640106201172,6.988860130310059,8.415760040283203,6.951498985290527,7.6800665855407715,8.202253341674805,7.735935211181641,7.2350993156433105,8.019225120544434
4,CATAMARAN-OBJ-Misma,Constraint,Mismatch,her,"After lifting her onto the bus, Brandon carefully sat Amber down in one of the front-most seats.","After lifting her onto the bus, the","After lifting her onto the bus, the MASKTOKEN carefully sat Amber down in one of the front-most seats.","After lifting her onto the bus, the",man,8.414509773254395,8.368722915649414,8.276209831237793,7.711484432220459,8.450946807861328,8.573381423950195,8.170454978942871,8.437538146972656,8.94865608215332,7.378721714019775,8.54492473602295,8.641474723815918,7.9649128913879395,8.623196601867676,8.420674324035645,8.41433334350586,8.028467178344727,8.255537033081055,8.816181182861328,7.867064952850342,8.190078735351562,8.761185646057129,8.347887992858887,7.544720649719238,8.357200622558594
5,CATAMARAN-OBJ-Misma,Constraint,Mismatch,her,"Before interrogating her about the crime, Daniel kindly offered Jasmine some food and a cigarette.","Before interrogating her about the crime, the","Before interrogating her about the crime, the MASKTOKEN kindly offered Jasmine some food and a cigarette.","Before interrogating her about the crime, the",man,7.7809929847717285,7.702143669128418,7.447452545166016,7.921926498413086,7.664534568786621,8.517366409301758,8.250027656555176,7.907903671264648,8.11419677734375,7.005659580230713,8.419944763183594,8.786378860473633,7.483333587646484,8.209686279296875,8.52464485168457,7.9665446281433105,7.118763446807861,8.200737953186035,7.959827423095703,7.432114601135254,7.6444597244262695,7.64066219329834,7.752164840698242,7.283355712890625,8.314969062805176
5,CATAMARAN-OBJ-Match,Constraint,Match,him,"Before interrogating him about the crime, Daniel kindly offered Corey some food and a cigarette.","Before interrogating him about the crime, the","Before interrogating him about the crime, the MASKTOKEN kindly offered Corey some food and a cigarette.","Before interrogating him about the crime, the",man,7.502117156982422,7.1942362785339355,7.240625858306885,7.672608852386475,7.0345258712768555,7.800168514251709,7.868837833404541,7.558218002319336,7.87581729888916,6.830478191375732,8.093740463256836,8.524514198303223,7.200779914855957,7.803655624389648,8.195305824279785,7.40674352645874,6.844297885894775,7.756086349487305,7.555572032928467,6.820225238800049,7.399177074432373,7.475857257843018,7.31778621673584,6.911716938018799,8.148767471313477
5,CATAMARAN-GEN-Misma,No Constraint,Mismatch,her,"Before interrogating her informant about the crime, Daniel kindly offered Jasmine some food and a cigarette.","Before interrogating her informant about the crime, the","Before interrogating her informant about the crime, the MASKTOKEN kindly offered Jasmine some food and a cigarette.","Before interrogating her informant about the crime, the",man,7.942175388336182,7.578998565673828,7.736015319824219,8.029784202575684,7.425950527191162,8.73275375366211,8.236518859863281,7.791855335235596,7.885756492614746,6.802108287811279,8.315913200378418,8.869735717773438,7.386841773986816,8.268336296081543,8.17679500579834,7.799439430236816,7.030482769012451,8.417217254638672,8.195903778076172,7.244448661804199,7.734700679779053,7.797305107116699,7.72451114654541,7.1863112449646,8.434981346130371
5,CATAMARAN-GEN-Match,No Constraint,Match,his,"Before interrogating his informant about the crime, Daniel kindly offered Corey some food and a cigarette.","Before interrogating his informant about the crime, the","Before interrogating his informant about the crime, the MASKTOKEN kindly offered Corey some food and a cigarette.","Before interrogating his informant about the crime, the",man,7.825611114501953,7.1598711013793945,7.512556552886963,7.786994457244873,7.028460502624512,7.976424694061279,8.09658432006836,7.444279193878174,7.714987754821777,6.773922443389893,7.942362308502197,8.618123054504395,7.15673303604126,7.761063575744629,7.838158130645752,7.396426200866699,6.873011589050293,7.911928176879883,7.790009021759033,6.564349174499512,7.597318172454834,7.458057880401611,7.442948341369629,6.929970741271973,8.263503074645996
6,CATAMARAN-GEN-Match,No Constraint,Match,his,"After embarrassing his guests during the party, Andrew promptly apologized to Jeffrey for the unforgivable behavior.","After embarrassing his guests during the party, the","After embarrassing his guests during the party, the MASKTOKEN promptly apologized to Jeffrey for the unforgivable behavior.","After embarrassing his guests during the party, the",man,8.661988258361816,7.818811416625977,8.680901527404785,8.409223556518555,8.042699813842773,8.776272773742676,9.64625072479248,8.57860279083252,8.921063423156738,7.750637531280518,8.7266206741333,9.265548706054688,8.224007606506348,8.513245582580566,7.962357521057129,8.839825630187988,8.562074661254883,8.619056701660156,8.743112564086914,7.219081878662109,8.662763595581055,8.606988906860352,8.353336334228516,8.04990005493164,10.23415470123291
6,CATAMARAN-OBJ-Misma,Constraint,Mismatch,her,"After embarrassing her during the party, Andrew promptly apologized to Alyssa for the unforgivable behavior.","After embarrassing her during the party, the","After embarrassing her during the party, the MASKTOKEN promptly apologized to Alyssa for the unforgivable behavior.","After embarrassing her during the party, the",man,9.06499195098877,8.204931259155273,8.569589614868164,8.47140884399414,8.871188163757324,9.323613166809082,9.659610748291016,8.852985382080078,9.14840316772461,7.769969463348389,9.478924751281738,9.289652824401855,8.322586059570312,9.0492582321167,8.62603759765625,9.264181137084961,8.772910118103027,8.987520217895508,8.865842819213867,7.7781829833984375,8.96918773651123,8.897482872009277,8.926840782165527,8.276307106018066,10.241129875183105
6,CATAMARAN-OBJ-Match,Constraint,Match,him,"After embarrassing him during the party, Andrew promptly apologized to Jeffrey for the unforgivable behavior.","After embarrassing him during the party, the","After embarrassing him during the party, the MASKTOKEN promptly apologized to Jeffrey for the unforgivable behavior.","After embarrassing him during the party, the",man,8.648283958435059,7.782243251800537,8.51066780090332,8.031149864196777,8.101418495178223,8.8436861038208,9.467669486999512,8.291227340698242,8.846274375915527,7.764477252960205,9.033649444580078,9.118587493896484,7.945533752441406,8.616888999938965,8.152877807617188,8.774645805358887,8.555179595947266,8.528336524963379,8.560519218444824,7.164619445800781,8.708083152770996,8.651668548583984,8.58867073059082,7.845615863800049,9.86220932006836
6,CATAMARAN-GEN-Misma,No Constraint,Mismatch,her,"After embarrassing her guests during the party, Andrew promptly apologized to Alyssa for the unforgivable behavior.","After embarrassing her guests during the party, the","After embarrassing her guests during the party, the MASKTOKEN promptly apologized to Alyssa for the unforgivable behavior.","After embarrassing her guests during the party, the",man,9.076951026916504,8.19428825378418,8.940982818603516,8.565987586975098,8.724316596984863,9.129216194152832,9.820419311523438,9.02619457244873,9.183806419372559,7.791265487670898,9.233053207397461,9.374334335327148,8.493826866149902,8.905620574951172,8.309266090393066,9.28538703918457,8.839990615844727,9.064244270324707,9.092498779296875,7.727912902832031,8.786810874938965,8.858988761901855,8.789085388183594,8.271543502807617,10.378626823425293
7,CATAMARAN-GEN-Misma,No Constraint,Mismatch,her,"While helping her secretary shred the documents, Alexander tearfully admitted to Abigail that upper-level managers had been embezzling money for years.","While helping her secretary shred the documents, the","While helping her secretary shred the documents, the MASKTOKEN tearfully admitted to Abigail that upper-level managers had been embezzling money for years.","While helping her secretary shred the documents, the",man,9.905982971191406,9.50196647644043,9.395491600036621,9.244026184082031,9.516426086425781,10.24339485168457,10.032182693481445,9.901927947998047,9.959122657775879,8.477317810058594,10.203230857849121,9.046773910522461,9.251791000366211,9.789102554321289,9.74734878540039,9.618645668029785,9.226799964904785,9.762055397033691,9.811827659606934,9.279090881347656,9.552766799926758,9.296770095825195,9.273900032043457,9.1378755569458,9.896883010864258
7,CATAMARAN-GEN-Match,No Constraint,Match,his,"While helping his secretary shred the documents, Alexander tearfully admitted to Gavin that upper-level managers had been embezzling money for years.","While helping his secretary shred the documents, the","While helping his secretary shred the documents, the MASKTOKEN tearfully admitted to Gavin that upper-level managers had been embezzling money for years.","While helping his secretary shred the documents, the",man,9.491127014160156,8.954601287841797,8.9166259765625,9.033087730407715,8.944375991821289,9.752792358398438,10.044875144958496,9.592915534973145,9.864202499389648,8.601693153381348,9.597540855407715,8.834359169006348,9.056901931762695,9.376583099365234,9.423099517822266,9.123507499694824,8.992548942565918,9.338398933410645,9.515106201171875,8.54601764678955,9.411639213562012,8.984169960021973,8.9603910446167,8.88809585571289,9.683810234069824
7,CATAMARAN-OBJ-Misma,Constraint,Mismatch,her,"While helping her shred the documents, Alexander tearfully admitted to Abigail that upper-level managers had been embezzling money for years.","While helping her shred the documents, the","While helping her shred the documents, the MASKTOKEN tearfully admitted to Abigail that upper-level managers had been embezzling money for years.","While helping her shred the documents, the",man,9.345982551574707,9.43161678314209,9.116714477539062,9.35339069366455,9.168047904968262,9.712591171264648,9.398276329040527,9.610882759094238,9.396807670593262,8.581066131591797,9.62527084350586,9.191679954528809,8.949529647827148,9.40610122680664,9.534502983093262,9.800593376159668,9.089987754821777,9.345425605773926,9.517261505126953,9.026533126831055,9.505908966064453,8.98808479309082,9.11319351196289,9.092583656311035,9.322131156921387
7,CATAMARAN-OBJ-Match,Constraint,Match,him,"While helping him shred the documents, Alexander tearfully admitted to Gavin that upper-level managers had been embezzling money for years.","While helping him shred the documents, the","While helping him shred the documents, the MASKTOKEN tearfully admitted to Gavin that upper-level managers had been embezzling money for years.","While helping him shred the documents, the",man,9.02493667602539,8.944602012634277,8.99853229522705,8.98248291015625,8.521500587463379,9.24415397644043,9.311787605285645,9.317604064941406,9.158356666564941,8.439725875854492,9.153154373168945,8.449321746826172,8.855338096618652,8.702384948730469,9.374262809753418,8.984201431274414,8.791141510009766,8.866296768188477,9.161344528198242,8.439449310302734,9.317814826965332,8.609939575195312,8.776411056518555,8.88162899017334,9.282949447631836
8,CATAMARAN-OBJ-Match,Constraint,Match,him,"While reading him a bedtime story, William gently gestured to Luis to turn off the lights.","While reading him a bedtime story, the","While reading him a bedtime story, the MASKTOKEN gently gestured to Luis to turn off the lights.","While reading him a bedtime story, the",man,8.114964485168457,8.70500373840332,8.422407150268555,8.892157554626465,8.702430725097656,8.61109733581543,7.877283573150635,8.541988372802734,8.026337623596191,7.5739665031433105,8.833165168762207,8.227997779846191,7.732565402984619,8.420675277709961,8.525128364562988,8.311254501342773,7.314727306365967,7.752207279205322,7.964178085327148,7.075972080230713,8.811151504516602,8.208638191223145,7.940419673919678,7.652969837188721,8.933595657348633
8,CATAMARAN-GEN-Misma,No Constraint,Mismatch,her,"While reading her grand kids a bedtime story, William gently gestured to Olivia to turn off the lights.","While reading her grand kids a bedtime story, the","While reading her grand kids a bedtime story, the MASKTOKEN gently gestured to Olivia to turn off the lights.","While reading her grand kids a bedtime story, the",man,8.371073722839355,9.197355270385742,8.569504737854004,9.612977981567383,9.190802574157715,9.103889465332031,8.876303672790527,9.234268188476562,8.505762100219727,8.193394660949707,9.380417823791504,8.578536033630371,8.376852035522461,9.31872272491455,8.847633361816406,9.067416191101074,8.06760025024414,8.483399391174316,8.271003723144531,7.027280330657959,9.255202293395996,8.48320198059082,8.321253776550293,8.210054397583008,9.550849914550781
8,CATAMARAN-GEN-Match,No Constraint,Match,his,"While reading his grand kids a bedtime story, William gently gestured to Luis to turn off the lights.","While reading his grand kids a bedtime story, the","While reading his grand kids a bedtime story, the MASKTOKEN gently gestured to Luis to turn off the lights.","While reading his grand kids a bedtime story, the",man,8.156129837036133,8.801542282104492,8.296098709106445,9.274685859680176,8.64634895324707,8.692646026611328,8.624961853027344,8.900181770324707,8.33096981048584,7.8448591232299805,8.946549415588379,8.399226188659668,8.195728302001953,8.849469184875488,8.391926765441895,8.71365737915039,7.59458589553833,8.197402000427246,7.917537689208984,6.671857833862305,9.053110122680664,8.167326927185059,8.06257438659668,7.946264266967773,9.46626091003418
8,CATAMARAN-OBJ-Misma,Constraint,Mismatch,her,"While reading her a bedtime story, William gently gestured to Olivia to turn off the lights.","While reading her a bedtime story, the","While reading her a bedtime story, the MASKTOKEN gently gestured to Olivia to turn off the lights.","While reading her a bedtime story, the",man,8.516777038574219,9.198346138000488,8.611834526062012,8.809691429138184,9.479269027709961,9.062179565429688,8.600306510925293,9.145341873168945,8.379203796386719,7.883659839630127,9.305130958557129,8.432025909423828,8.048866271972656,8.99278736114502,8.911986351013184,8.769493103027344,7.796967029571533,8.133623123168945,8.511225700378418,7.646864414215088,9.249869346618652,8.630504608154297,8.602718353271484,8.02039623260498,9.555337905883789
9,CATAMARAN-OBJ-Misma,Constraint,Mismatch,her,"After cornering her next to the water cooler, Robert loudly insulted Annie much to everyone's horror.","After cornering her next to the water cooler, the","After cornering her next to the water cooler, the MASKTOKEN loudly insulted Annie much to everyone's horror.","After cornering her next to the water cooler, the",man,8.112335205078125,8.799212455749512,8.314469337463379,8.373551368713379,8.35385799407959,9.053009986877441,9.062088966369629,8.298441886901855,8.952736854553223,7.622387886047363,8.363548278808594,8.846761703491211,8.11677360534668,9.056497573852539,8.616022109985352,9.079150199890137,8.02973461151123,8.111894607543945,8.349577903747559,7.768775463104248,8.623810768127441,8.376522064208984,8.718263626098633,8.064447402954102,8.95126724243164
9,CATAMARAN-OBJ-Match,Constraint,Match,him,"After cornering him next to the water cooler, Robert loudly insulted Jorge much to everyone's horror.","After cornering him next to the water cooler, the","After cornering him next to the water cooler, the MASKTOKEN loudly insulted Jorge much to everyone's horror.","After cornering him next to the water cooler, the",man,7.5852766036987305,8.268841743469238,7.878407001495361,7.853309631347656,7.28989315032959,8.57779598236084,8.707697868347168,7.983704090118408,8.672843933105469,7.2690253257751465,7.784467697143555,8.573939323425293,7.392221450805664,8.187400817871094,8.254842758178711,8.202205657958984,7.921025276184082,7.3478851318359375,8.041718482971191,6.961081027984619,8.6221342086792,8.191301345825195,8.294838905334473,7.534177303314209,8.302802085876465
9,CATAMARAN-GEN-Misma,No Constraint,Mismatch,her,"After cornering her intern next to the water cooler, Robert loudly insulted Annie much to everyone's horror.","After cornering her intern next to the water cooler, the","After cornering her intern next to the water cooler, the MASKTOKEN loudly insulted Annie much to everyone's horror.","After cornering her intern next to the water cooler, the",man,7.708820819854736,8.709879875183105,8.283918380737305,8.294816970825195,7.512409210205078,8.607088088989258,8.888726234436035,7.937175273895264,8.730749130249023,7.211297035217285,7.8142547607421875,8.53831958770752,7.495893478393555,8.759400367736816,8.265913009643555,8.565654754638672,7.935397624969482,7.903252601623535,8.345752716064453,7.446319580078125,8.828807830810547,8.495326042175293,8.305194854736328,7.720654487609863,8.143595695495605
9,CATAMARAN-GEN-Match,No Constraint,Match,his,"After cornering his intern next to the water cooler, Robert loudly insulted Jorge much to everyone's horror.","After cornering his intern next to the water cooler, the","After cornering his intern next to the water cooler, the MASKTOKEN loudly insulted Jorge much to everyone's horror.","After cornering his intern next to the water cooler, the",man,7.601396560668945,8.344427108764648,7.982589244842529,7.977431774139404,7.305107593536377,8.28738021850586,8.574965476989746,7.831161975860596,8.428547859191895,6.991498947143555,7.44292688369751,8.359170913696289,7.239663124084473,8.2852201461792,7.819001197814941,8.070852279663086,7.92111349105835,7.227807521820068,7.841075420379639,6.998491287231445,8.640701293945312,8.333086013793945,7.947661399841309,7.463474750518799,7.95392370223999
10,CATAMARAN-GEN-Match,No Constraint,Match,his,"After weighing his patient on the scale, Jonathan calmly informed Steven that he should be concerned about the onset of gout.","After weighing his patient on the scale, the","After weighing his patient on the scale, the MASKTOKEN calmly informed Steven that he should be concerned about the onset of gout.","After weighing his patient on the scale, the",man,8.355710983276367,8.238547325134277,7.27653694152832,7.974445819854736,7.982948303222656,8.502180099487305,8.286442756652832,7.870997905731201,8.355696678161621,7.376634120941162,7.781848907470703,7.404983997344971,7.706557750701904,8.111869812011719,8.464905738830566,7.818736553192139,7.433348655700684,8.287700653076172,8.2154541015625,7.070155143737793,7.87728214263916,7.738179683685303,8.047606468200684,8.022473335266113,7.547833442687988
10,CATAMARAN-OBJ-Misma,Constraint,Mismatch,her,"After weighing her on the scale, Jonathan calmly informed Michelle that she should be concerned about the onset of gout.","After weighing her on the scale, the","After weighing her on the scale, the MASKTOKEN calmly informed Michelle that she should be concerned about the onset of gout.","After weighing her on the scale, the",man,8.643632888793945,8.978010177612305,7.8722100257873535,8.560850143432617,8.944101333618164,9.656559944152832,8.975615501403809,8.675576210021973,9.072465896606445,7.996245384216309,8.875853538513184,8.332037925720215,8.492857933044434,9.20264720916748,9.550895690917969,8.539401054382324,8.175453186035156,9.225659370422363,8.801569938659668,8.131680488586426,8.823389053344727,8.45026683807373,8.8887357711792,8.589845657348633,8.312325477600098
10,CATAMARAN-OBJ-Match,Constraint,Match,him,"After weighing him on the scale, Jonathan calmly informed Steven that he should be concerned about the onset of gout.","After weighing him on the scale, the","After weighing him on the scale, the MASKTOKEN calmly informed Steven that he should be concerned about the onset of gout.","After weighing him on the scale, the",man,8.157365798950195,8.595108032226562,7.610592842102051,8.044676780700684,8.337240219116211,9.270549774169922,8.929656028747559,8.028831481933594,8.833833694458008,7.7993011474609375,8.438272476196289,8.114531517028809,7.987833023071289,8.481234550476074,8.789153099060059,7.885375499725342,7.584921836853027,8.668644905090332,8.570318222045898,7.345574378967285,8.512618064880371,8.061104774475098,8.621264457702637,8.243882179260254,8.007011413574219
10,CATAMARAN-GEN-Misma,No Constraint,Mismatch,her,"After weighing her patient on the scale, Jonathan calmly informed Michelle that she should be concerned about the onset of gout.","After weighing her patient on the scale, the","After weighing her patient on the scale, the MASKTOKEN calmly informed Michelle that she should be concerned about the onset of gout.","After weighing her patient on the scale, the",man,8.301996231079102,8.6926851272583,7.544905662536621,8.158313751220703,8.53455924987793,9.106237411499023,8.667263984680176,8.388749122619629,8.5803861618042,7.513184547424316,8.283367156982422,7.510280132293701,8.094862937927246,8.701705932617188,8.921464920043945,8.436833381652832,7.844538688659668,8.748889923095703,8.417375564575195,7.556192398071289,8.137140274047852,8.117128372192383,8.324501037597656,8.355850219726562,7.82896089553833
11,CATAMARAN-GEN-Misma,No Constraint,Mismatch,her,"Before spotting her instructor at yoga class, Zachary secretly followed Kaitlyn around town.","Before spotting her instructor at yoga class, the","Before spotting her instructor at yoga class, the MASKTOKEN secretly followed Kaitlyn around town.","Before spotting her instructor at yoga class, the",man,9.261344909667969,8.787622451782227,8.867256164550781,8.610860824584961,9.418139457702637,9.6298246383667,9.487833976745605,8.761824607849121,8.864240646362305,8.237342834472656,9.645536422729492,8.575521469116211,8.301292419433594,8.709096908569336,9.467384338378906,9.215996742248535,7.854675769805908,8.776208877563477,8.873954772949219,7.762174129486084,8.728458404541016,9.00568962097168,8.659476280212402,7.6711530685424805,8.969955444335938
11,CATAMARAN-GEN-Match,No Constraint,Match,his,"Before spotting his instructor at yoga class, Zachary secretly followed Christian around town.","Before spotting his instructor at yoga class, the","Before spotting his instructor at yoga class, the MASKTOKEN secretly followed Christian around town.","Before spotting his instructor at yoga class, the",man,8.858818054199219,8.383201599121094,8.585439682006836,8.167828559875488,8.496603012084961,9.189809799194336,9.236554145812988,8.430159568786621,8.632989883422852,7.998727798461914,9.183165550231934,8.341575622558594,7.950585842132568,8.231413841247559,9.140613555908203,8.6629638671875,7.5166215896606445,8.251522064208984,8.610973358154297,7.130261421203613,8.678170204162598,8.688570976257324,8.355738639831543,7.3783464431762695,8.688081741333008
11,CATAMARAN-OBJ-Misma,Constraint,Mismatch,her,"Before spotting her at yoga class, Zachary secretly followed Kaitlyn around town.","Before spotting her at yoga class, the","Before spotting her at yoga class, the MASKTOKEN secretly followed Kaitlyn around town.","Before spotting her at yoga class, the",man,9.139978408813477,8.522684097290039,8.620869636535645,8.341504096984863,9.151243209838867,9.261903762817383,9.53617000579834,8.48364543914795,8.752363204956055,8.112930297851562,9.515768051147461,8.737308502197266,8.266472816467285,8.922574043273926,9.235603332519531,8.805749893188477,7.918885231018066,8.696634292602539,8.91700267791748,7.676067352294922,8.674422264099121,8.742717742919922,8.584179878234863,7.651042938232422,8.90674877166748
11,CATAMARAN-OBJ-Match,Constraint,Match,him,"Before spotting him at yoga class, Zachary secretly followed Christian around town.","Before spotting him at yoga class, the","Before spotting him at yoga class, the MASKTOKEN secretly followed Christian around town.","Before spotting him at yoga class, the",man,8.766279220581055,8.116308212280273,8.301827430725098,7.7613301277160645,8.347976684570312,8.635915756225586,9.40660572052002,8.005261421203613,8.595391273498535,7.830491065979004,8.98255443572998,8.421209335327148,7.7603559494018555,8.229113578796387,9.027153015136719,8.21187686920166,7.53815221786499,8.180763244628906,8.35886287689209,6.92071533203125,8.251325607299805,8.409136772155762,8.26153564453125,7.397984981536865,8.661149024963379
12,CATAMARAN-OBJ-Match,Constraint,Match,him,"Before visiting him on Sunday afternoons, Benjamin usually called Jason up to confirm that he was still free.","Before visiting him on Sunday afternoons, the","Before visiting him on Sunday afternoons, the MASKTOKEN usually called Jason up to confirm that he was still free.","Before visiting him on Sunday afternoons, the",man,8.994102478027344,8.768402099609375,8.299300193786621,8.019726753234863,8.31462287902832,9.158487319946289,9.166048049926758,8.134284973144531,8.822525978088379,7.953187465667725,9.239177703857422,9.043500900268555,7.970362663269043,8.544546127319336,9.503358840942383,8.035477638244629,8.011221885681152,8.201354026794434,8.579995155334473,8.027881622314453,8.721009254455566,8.95600700378418,8.264945030212402,7.999086380004883,9.184544563293457
12,CATAMARAN-GEN-Misma,No Constraint,Mismatch,her,"Before visiting her family on Sunday afternoons, Benjamin usually called Mary up to confirm that they were still free.","Before visiting her family on Sunday afternoons, the","Before visiting her family on Sunday afternoons, the MASKTOKEN usually called Mary up to confirm that they were still free.","Before visiting her family on Sunday afternoons, the",man,9.471687316894531,8.996440887451172,8.428910255432129,8.588233947753906,8.947875022888184,9.672039985656738,9.505526542663574,8.266977310180664,8.884623527526855,8.399286270141602,9.314962387084961,9.123441696166992,8.379572868347168,9.259050369262695,9.920049667358398,8.848163604736328,8.300727844238281,8.515552520751953,8.94698715209961,8.581780433654785,8.749521255493164,9.119132041931152,8.374507904052734,8.611748695373535,9.430500984191895
12,CATAMARAN-GEN-Match,No Constraint,Match,his,"Before visiting his family on Sunday afternoons, Benjamin usually called Jason up to confirm that they were still free.","Before visiting his family on Sunday afternoons, the","Before visiting his family on Sunday afternoons, the MASKTOKEN usually called Jason up to confirm that they were still free.","Before visiting his family on Sunday afternoons, the",man,9.15986442565918,8.609209060668945,8.083796501159668,8.139793395996094,8.460088729858398,9.056829452514648,9.261216163635254,7.964180946350098,8.651766777038574,8.202885627746582,8.8983793258667,8.855408668518066,8.015068054199219,8.722668647766113,9.462018013000488,8.3530912399292,7.839644432067871,7.92117977142334,8.477105140686035,8.022517204284668,8.565407752990723,8.834014892578125,7.9111647605896,8.330392837524414,9.23730754852295
12,CATAMARAN-OBJ-Misma,Constraint,Mismatch,her,"Before visiting her on Sunday afternoons, Benjamin usually called Mary up to confirm that she was still free.","Before visiting her on Sunday afternoons, the","Before visiting her on Sunday afternoons, the MASKTOKEN usually called Mary up to confirm that she was still free.","Before visiting her on Sunday afternoons, the",man,9.394579887390137,9.117803573608398,8.589126586914062,8.583107948303223,8.889984130859375,9.571742057800293,9.644954681396484,8.435164451599121,8.97359848022461,8.26147174835205,9.537306785583496,9.310291290283203,8.392029762268066,9.113861083984375,9.594351768493652,8.54238224029541,8.224236488342285,8.538030624389648,8.919432640075684,8.581311225891113,8.7566499710083,9.175057411193848,8.653882026672363,8.387285232543945,9.358939170837402
13,CATAMARAN-OBJ-Misma,Constraint,Mismatch,him,"After having him in multiple classes, Jessica finally admitted to Richard that she was a little uncomfortable about the whole deal.","After having him in multiple classes, the","After having him in multiple classes, the MASKTOKEN finally admitted to Richard that she was a little uncomfortable about the whole deal.","After having him in multiple classes, the",woman,10.245827674865723,9.478080749511719,9.761001586914062,9.583620071411133,9.993285179138184,10.112407684326172,10.30313491821289,10.078653335571289,9.698802947998047,9.130061149597168,10.783445358276367,10.611414909362793,9.938750267028809,9.407000541687012,10.83170223236084,10.748355865478516,10.025426864624023,9.8777494430542,9.739778518676758,10.043002128601074,10.072113037109375,10.304508209228516,10.98236083984375,9.948521614074707,9.67054271697998
13,CATAMARAN-OBJ-Match,Constraint,Match,her,"After having her in multiple classes, Jessica finally admitted to Sydney that she was a little uncomfortable about the whole deal.","After having her in multiple classes, the","After having her in multiple classes, the MASKTOKEN finally admitted to Sydney that she was a little uncomfortable about the whole deal.","After having her in multiple classes, the",woman,9.364471435546875,7.9084954261779785,8.631449699401855,8.474194526672363,8.67595386505127,8.277487754821777,9.548365592956543,8.353684425354004,8.566649436950684,7.77726936340332,9.83679485321045,9.889769554138184,9.432929039001465,8.139263153076172,9.549537658691406,9.68687629699707,8.945261001586914,8.43268871307373,8.713944435119629,8.53797721862793,9.322173118591309,9.109809875488281,9.234404563903809,8.709693908691406,8.705570220947266
13,CATAMARAN-GEN-Misma,No Constraint,Mismatch,his,"After having his therapist in multiple classes, Jessica finally admitted to Richard that she was a little uncomfortable about the whole deal.","After having his therapist in multiple classes, the","After having his therapist in multiple classes, the MASKTOKEN finally admitted to Richard that she was a little uncomfortable about the whole deal.","After having his therapist in multiple classes, the",woman,9.715933799743652,8.96297550201416,8.162320137023926,8.671374320983887,8.828410148620605,8.751267433166504,10.22716999053955,9.518353462219238,9.259434700012207,8.460390090942383,9.463939666748047,9.303287506103516,8.682417869567871,8.786897659301758,9.940150260925293,9.64792537689209,9.551270484924316,9.35311222076416,8.156679153442383,9.505512237548828,8.800568580627441,8.99606990814209,9.529958724975586,8.981976509094238,8.996739387512207
13,CATAMARAN-GEN-Match,No Constraint,Match,her,"After having her therapist in multiple classes, Jessica finally admitted to Sydney that she was a little uncomfortable about the whole deal.","After having her therapist in multiple classes, the","After having her therapist in multiple classes, the MASKTOKEN finally admitted to Sydney that she was a little uncomfortable about the whole deal.","After having her therapist in multiple classes, the",woman,8.946032524108887,7.45885705947876,7.137067794799805,7.796149730682373,7.820059776306152,7.873687744140625,8.960888862609863,8.009810447692871,8.133097648620605,7.350600242614746,8.522703170776367,8.751057624816895,7.857119560241699,7.5098347663879395,8.789358139038086,8.73119068145752,8.191180229187012,8.13311767578125,7.778141498565674,7.892546653747559,8.004913330078125,8.107494354248047,8.110095977783203,8.057692527770996,8.019590377807617
14,CATAMARAN-GEN-Match,No Constraint,Match,her,"After buying her colleague a pumpkin-spice latte, Samantha generously offered Tiffany the best seat at the conference table.","After buying her colleague a pumpkin-spice latte, the","After buying her colleague a pumpkin-spice latte, the MASKTOKEN generously offered Tiffany the best seat at the conference table.","After buying her colleague a pumpkin-spice latte, the",woman,7.927948951721191,8.020946502685547,8.292558670043945,8.17208480834961,8.14763355255127,8.504773139953613,8.543166160583496,8.880934715270996,8.826409339904785,7.9490556716918945,9.393501281738281,9.16749382019043,8.638498306274414,8.11680793762207,9.021987915039062,8.606697082519531,8.17066478729248,8.050812721252441,8.634868621826172,8.516265869140625,9.227612495422363,8.965204238891602,8.904889106750488,7.6299662590026855,8.810117721557617
14,CATAMARAN-OBJ-Misma,Constraint,Mismatch,him,"After buying him a pumpkin-spice latte, Samantha generously offered Austin the best seat at the conference table.","After buying him a pumpkin-spice latte, the","After buying him a pumpkin-spice latte, the MASKTOKEN generously offered Austin the best seat at the conference table.","After buying him a pumpkin-spice latte, the",woman,9.09097671508789,8.995102882385254,9.381383895874023,9.17806625366211,8.87809944152832,9.754106521606445,9.314401626586914,10.095687866210938,9.679302215576172,8.941624641418457,10.284231185913086,9.917448043823242,9.111170768737793,8.826399803161621,9.941024780273438,9.729194641113281,9.757186889648438,8.800451278686523,9.1945161819458,10.047144889831543,9.892913818359375,9.525808334350586,10.257878303527832,9.095742225646973,9.299715995788574
14,CATAMARAN-OBJ-Match,Constraint,Match,her,"After buying her a pumpkin-spice latte, Samantha generously offered Tiffany the best seat at the conference table.","After buying her a pumpkin-spice latte, the","After buying her a pumpkin-spice latte, the MASKTOKEN generously offered Tiffany the best seat at the conference table.","After buying her a pumpkin-spice latte, the",woman,8.086054801940918,8.106585502624512,8.361945152282715,8.143120765686035,8.236847877502441,8.805899620056152,8.655747413635254,9.029430389404297,9.14350700378418,8.019984245300293,9.758133888244629,9.364153861999512,8.540369033813477,7.99160099029541,9.354239463806152,8.656925201416016,8.332024574279785,7.882601737976074,8.597484588623047,8.782256126403809,9.100974082946777,9.035146713256836,8.906598091125488,7.721027374267578,8.923849105834961
14,CATAMARAN-GEN-Misma,No Constraint,Mismatch,his,"After buying his colleague a pumpkin-spice latte, Samantha generously offered Austin the best seat at the conference table.","After buying his colleague a pumpkin-spice latte, the","After buying his colleague a pumpkin-spice latte, the MASKTOKEN generously offered Austin the best seat at the conference table.","After buying his colleague a pumpkin-spice latte, the",woman,8.942748069763184,9.053853034973145,9.428521156311035,9.500341415405273,9.116741180419922,9.577839851379395,9.385436058044434,10.128151893615723,9.961530685424805,8.877817153930664,10.236549377441406,9.863444328308105,9.49303150177002,9.252228736877441,9.70357608795166,9.881773948669434,9.49356746673584,9.002452850341797,9.184465408325195,9.91373348236084,10.033851623535156,9.788113594055176,10.2139892578125,8.809263229370117,9.731269836425781
15,CATAMARAN-GEN-Misma,No Constraint,Mismatch,his,"While writing his editor a reminder note, Amanda vigorously scolded Antonio for being so forgetful about important appointments.","While writing his editor a reminder note, the","While writing his editor a reminder note, the MASKTOKEN vigorously scolded Antonio for being so forgetful about important appointments.","While writing his editor a reminder note, the",woman,10.804458618164062,10.751368522644043,10.790035247802734,11.046076774597168,10.719649314880371,10.892590522766113,11.21278190612793,10.131921768188477,10.750386238098145,9.550090789794922,11.775946617126465,11.049837112426758,10.47701644897461,11.126555442810059,11.170711517333984,11.021234512329102,10.28067684173584,10.390186309814453,10.852452278137207,12.264195442199707,10.069864273071289,10.646223068237305,11.324403762817383,10.566978454589844,11.231852531433105
15,CATAMARAN-GEN-Match,No Constraint,Match,her,"While writing her editor a reminder note, Amanda vigorously scolded Chelsea for being so forgetful about important appointments.","While writing her editor a reminder note, the","While writing her editor a reminder note, the MASKTOKEN vigorously scolded Chelsea for being so forgetful about important appointments.","While writing her editor a reminder note, the",woman,9.688748359680176,9.351927757263184,9.46186351776123,9.613295555114746,8.941500663757324,9.0974760055542,9.948655128479004,8.932144165039062,9.14539909362793,8.209150314331055,10.606253623962402,10.544028282165527,9.586505889892578,9.560577392578125,10.417174339294434,10.160917282104492,8.959524154663086,9.149385452270508,9.817278861999512,10.711373329162598,9.067079544067383,9.97408676147461,9.71345043182373,9.327420234680176,10.220991134643555
15,CATAMARAN-OBJ-Misma,Constraint,Mismatch,him,"While writing him a reminder note, Amanda vigorously scolded Antonio for being so forgetful about important appointments.","While writing him a reminder note, the","While writing him a reminder note, the MASKTOKEN vigorously scolded Antonio for being so forgetful about important appointments.","While writing him a reminder note, the",woman,10.00490665435791,10.646471977233887,10.806268692016602,10.778388977050781,10.566340446472168,10.8355073928833,10.753084182739258,9.722417831420898,9.9431734085083,9.214421272277832,11.16864013671875,11.150954246520996,10.160713195800781,10.63090991973877,11.126189231872559,10.709003448486328,9.953160285949707,9.899053573608398,10.351051330566406,11.554625511169434,10.009124755859375,10.44058609008789,11.191913604736328,10.387277603149414,10.445611000061035
15,CATAMARAN-OBJ-Match,Constraint,Match,her,"While writing her a reminder note, Amanda vigorously scolded Chelsea for being so forgetful about important appointments.","While writing her a reminder note, the","While writing her a reminder note, the MASKTOKEN vigorously scolded Chelsea for being so forgetful about important appointments.","While writing her a reminder note, the",woman,9.290731430053711,8.923985481262207,9.44487476348877,9.480031967163086,8.970212936401367,8.93026351928711,9.58846664428711,8.804343223571777,8.791991233825684,8.157488822937012,10.20646858215332,10.584186553955078,9.294424057006836,9.180493354797363,10.1184720993042,10.055217742919922,8.910930633544922,8.755046844482422,9.572700500488281,10.146463394165039,9.205241203308105,9.952678680419922,9.597040176391602,9.081546783447266,9.621169090270996
16,CATAMARAN-OBJ-Match,Constraint,Match,her,"After pouring her some hot tea, Britney accidentally burned Natalie by knocking the nearly full pot off the table.","After pouring her some hot tea, the","After pouring her some hot tea, the MASKTOKEN accidentally burned Natalie by knocking the nearly full pot off the table.","After pouring her some hot tea, the",woman,8.004121780395508,8.775209426879883,8.333971977233887,7.583874702453613,8.741147994995117,8.25556468963623,7.831468105316162,7.882213592529297,8.973854064941406,7.631161689758301,8.594442367553711,9.990925788879395,8.9592924118042,7.583225250244141,9.773963928222656,8.43287181854248,8.191651344299316,7.279712677001953,8.253949165344238,8.602707862854004,8.618505477905273,9.06704330444336,8.432302474975586,8.768784523010254,7.773200035095215
16,CATAMARAN-GEN-Misma,No Constraint,Mismatch,his,"After pouring his mother some hot tea, Britney accidentally burned Peter by knocking the nearly full pot off the table.","After pouring his mother some hot tea, the","After pouring his mother some hot tea, the MASKTOKEN accidentally burned Peter by knocking the nearly full pot off the table.","After pouring his mother some hot tea, the",woman,7.684164047241211,8.403597831726074,7.508500099182129,7.8595123291015625,8.525212287902832,8.167634963989258,7.795071125030518,8.199976921081543,8.972436904907227,7.449851036071777,8.210583686828613,9.112967491149902,8.4154691696167,7.998534679412842,8.422151565551758,8.269329071044922,8.108622550964355,7.159139633178711,6.679760456085205,8.12382698059082,8.070368766784668,9.010342597961426,8.18657398223877,8.62203598022461,8.322870254516602
16,CATAMARAN-GEN-Match,No Constraint,Match,her,"After pouring her mother some hot tea, Britney accidentally burned Natalie by knocking the nearly full pot off the table.","After pouring her mother some hot tea, the","After pouring her mother some hot tea, the MASKTOKEN accidentally burned Natalie by knocking the nearly full pot off the table.","After pouring her mother some hot tea, the",woman,6.845334053039551,7.589959621429443,7.192539215087891,6.802881717681885,7.777468204498291,7.336219310760498,6.819611549377441,7.441507816314697,8.182243347167969,6.814721584320068,7.392436981201172,8.659991264343262,7.85059118270874,6.701557159423828,8.107893943786621,7.710762977600098,7.21795129776001,6.503997325897217,6.979023456573486,6.878674507141113,7.422919750213623,8.034550666809082,7.677262783050537,7.9877424240112305,7.359508991241455
16,CATAMARAN-OBJ-Misma,Constraint,Mismatch,him,"After pouring him some hot tea, Britney accidentally burned Peter by knocking the nearly full pot off the table.","After pouring him some hot tea, the","After pouring him some hot tea, the MASKTOKEN accidentally burned Peter by knocking the nearly full pot off the table.","After pouring him some hot tea, the",woman,8.930705070495605,9.78071403503418,9.376141548156738,9.1909761428833,10.488818168640137,9.536628723144531,8.91824722290039,9.759048461914062,9.981221199035645,8.95899486541748,9.917577743530273,10.597003936767578,9.781270027160645,8.983360290527344,10.359105110168457,9.6899995803833,9.498269081115723,8.546788215637207,8.889627456665039,10.032655715942383,9.391363143920898,9.759822845458984,10.312548637390137,9.580492973327637,9.461954116821289
17,CATAMARAN-OBJ-Misma,Constraint,Mismatch,him,"After leaving him a voice message, Stephanie also sent Marcus a text containing the same information.","After leaving him a voice message, the","After leaving him a voice message, the MASKTOKEN also sent Marcus a text containing the same information.","After leaving him a voice message, the",woman,9.475513458251953,9.009058952331543,8.749565124511719,9.213543891906738,9.394248008728027,9.848780632019043,9.05001163482666,9.600547790527344,9.21778678894043,8.56539535522461,10.396750450134277,10.35915470123291,8.591110229492188,9.44225025177002,10.088274002075195,9.666236877441406,9.770120620727539,9.044251441955566,9.504059791564941,10.243721008300781,10.100395202636719,9.966583251953125,10.239051818847656,8.598526000976562,9.137615203857422
17,CATAMARAN-OBJ-Match,Constraint,Match,her,"After leaving her a voice message, Stephanie also sent Marissa a text containing the same information.","After leaving her a voice message, the","After leaving her a voice message, the MASKTOKEN also sent Marissa a text containing the same information.","After leaving her a voice message, the",woman,8.035568237304688,8.019244194030762,7.103377819061279,7.892783164978027,8.001255989074707,8.364521026611328,7.61650276184082,7.6940460205078125,8.25030517578125,6.940520763397217,9.386285781860352,9.391304969787598,8.038063049316406,7.615253925323486,9.103987693786621,8.802839279174805,8.556551933288574,7.797809600830078,8.35117244720459,8.589056968688965,8.926750183105469,9.129022598266602,8.80506420135498,7.2887444496154785,7.808810234069824
17,CATAMARAN-GEN-Misma,No Constraint,Mismatch,his,"After leaving his partner a voice message, Stephanie also sent Marcus a text containing the same information.","After leaving his partner a voice message, the","After leaving his partner a voice message, the MASKTOKEN also sent Marcus a text containing the same information.","After leaving his partner a voice message, the",woman,9.515279769897461,9.148883819580078,8.71497631072998,9.34411334991455,9.781091690063477,9.788606643676758,9.033856391906738,9.81503677368164,9.477231979370117,8.678600311279297,10.169273376464844,10.051410675048828,8.88300895690918,9.614058494567871,9.97451114654541,9.949685096740723,9.379530906677246,9.037321090698242,9.770081520080566,10.170212745666504,9.894002914428711,10.013348579406738,10.273118019104004,8.7539701461792,9.319684028625488
17,CATAMARAN-GEN-Match,No Constraint,Match,her,"After leaving her partner a voice message, Stephanie also sent Marissa a text containing the same information.","After leaving her partner a voice message, the","After leaving her partner a voice message, the MASKTOKEN also sent Marissa a text containing the same information.","After leaving her partner a voice message, the",woman,8.177058219909668,7.949549198150635,7.469385147094727,7.884291172027588,8.345157623291016,8.399954795837402,7.636937618255615,8.007872581481934,8.31432056427002,7.166367530822754,9.245975494384766,9.533700942993164,8.139931678771973,7.965505599975586,9.112833976745605,8.833117485046387,8.268257141113281,7.804255962371826,8.716970443725586,8.398423194885254,8.791927337646484,9.08899974822998,8.932663917541504,7.313992023468018,7.845157623291016
18,CATAMARAN-GEN-Match,No Constraint,Match,her,"After sending her boss a thank-you note, Jennifer thoughtfully bought Gabriella a nice down comforter as a token of gratitude.","After sending her boss a thank-you note, the","After sending her boss a thank-you note, the MASKTOKEN thoughtfully bought Gabriella a nice down comforter as a token of gratitude.","After sending her boss a thank-you note, the",woman,8.17868709564209,6.9578938484191895,6.704741477966309,7.154285430908203,8.366424560546875,7.503487586975098,8.052102088928223,7.742437362670898,8.198873519897461,7.431448459625244,8.974637031555176,8.856498718261719,8.859286308288574,8.337119102478027,8.343953132629395,7.216285228729248,8.246230125427246,7.573909282684326,8.512085914611816,7.028932094573975,8.405138969421387,9.221332550048828,9.266140937805176,7.810168266296387,8.297725677490234
18,CATAMARAN-OBJ-Misma,Constraint,Mismatch,him,"After sending him a thank-you note, Jennifer thoughtfully bought Victor a nice down comforter as a token of gratitude.","After sending him a thank-you note, the","After sending him a thank-you note, the MASKTOKEN thoughtfully bought Victor a nice down comforter as a token of gratitude.","After sending him a thank-you note, the",woman,9.253741264343262,8.333176612854004,7.946091651916504,8.647706031799316,9.617562294006348,9.036528587341309,9.187085151672363,9.229175567626953,9.355435371398926,9.166199684143066,10.096445083618164,9.663032531738281,9.573381423950195,9.709576606750488,9.553196907043457,8.544309616088867,9.300901412963867,8.524620056152344,9.372380256652832,8.660125732421875,9.355470657348633,9.902473449707031,10.404537200927734,9.479292869567871,9.543545722961426
18,CATAMARAN-OBJ-Match,Constraint,Match,her,"After sending her a thank-you note, Jennifer thoughtfully bought Gabriella a nice down comforter as a token of gratitude.","After sending her a thank-you note, the","After sending her a thank-you note, the MASKTOKEN thoughtfully bought Gabriella a nice down comforter as a token of gratitude.","After sending her a thank-you note, the",woman,8.113163948059082,7.046768665313721,6.676422595977783,7.110569000244141,8.295449256896973,7.3350605964660645,8.056731224060059,7.7350544929504395,8.255741119384766,7.568141937255859,9.078079223632812,8.917202949523926,8.740179061889648,8.59460163116455,8.664793014526367,7.210008144378662,8.220573425292969,7.43281364440918,8.621213912963867,7.285703182220459,8.3821382522583,9.222979545593262,9.115107536315918,7.922609806060791,8.299440383911133
18,CATAMARAN-GEN-Misma,No Constraint,Mismatch,his,"After sending his boss a thank-you note, Jennifer thoughtfully bought Victor a nice down comforter as a token of gratitude.","After sending his boss a thank-you note, the","After sending his boss a thank-you note, the MASKTOKEN thoughtfully bought Victor a nice down comforter as a token of gratitude.","After sending his boss a thank-you note, the",woman,9.550346374511719,8.379651069641113,7.990133762359619,8.961841583251953,10.008800506591797,8.998998641967773,9.250994682312012,9.664758682250977,9.501007080078125,9.098379135131836,10.017877578735352,9.68852710723877,9.796346664428711,9.800069808959961,9.151241302490234,8.789432525634766,9.320817947387695,8.891799926757812,9.530184745788574,8.295153617858887,9.414135932922363,10.130147933959961,10.732512474060059,9.297640800476074,9.878549575805664
19,CATAMARAN-GEN-Misma,No Constraint,Mismatch,his,"Before taking his kids on the roller coaster, Victoria calmly reassured Lucas that the loop wasn't dangerous at all.","Before taking his kids on the roller coaster, the","Before taking his kids on the roller coaster, the MASKTOKEN calmly reassured Lucas that the loop wasn't dangerous at all.","Before taking his kids on the roller coaster, the",woman,10.393671035766602,10.029070854187012,11.020153045654297,10.7030029296875,11.731101989746094,10.5560941696167,10.45216178894043,10.043461799621582,10.917139053344727,9.698127746582031,11.246857643127441,11.626452445983887,10.000333786010742,9.494622230529785,11.861834526062012,10.374241828918457,9.66722583770752,9.63132095336914,10.877482414245605,10.042871475219727,10.787503242492676,10.84984016418457,11.645842552185059,10.01705265045166,10.537734985351562
19,CATAMARAN-GEN-Match,No Constraint,Match,her,"Before taking her kids on the roller coaster, Victoria calmly reassured Andrea that the loop wasn't dangerous at all.","Before taking her kids on the roller coaster, the","Before taking her kids on the roller coaster, the MASKTOKEN calmly reassured Andrea that the loop wasn't dangerous at all.","Before taking her kids on the roller coaster, the",woman,9.491000175476074,8.85944652557373,10.094374656677246,9.267144203186035,10.172629356384277,9.61293888092041,9.61812973022461,8.618478775024414,9.67043399810791,8.630840301513672,10.28561782836914,10.923491477966309,9.283568382263184,8.258636474609375,10.642030715942383,9.347725868225098,8.661417961120605,8.632427215576172,10.30483627319336,8.5123929977417,10.006490707397461,9.967348098754883,10.668279647827148,8.800990104675293,9.51591968536377
19,CATAMARAN-OBJ-Misma,Constraint,Mismatch,him,"Before taking him on the roller coaster, Victoria calmly reassured Lucas that the loop wasn't dangerous at all.","Before taking him on the roller coaster, the","Before taking him on the roller coaster, the MASKTOKEN calmly reassured Lucas that the loop wasn't dangerous at all.","Before taking him on the roller coaster, the",woman,10.571985244750977,10.026251792907715,11.228489875793457,10.567376136779785,11.632615089416504,11.106375694274902,10.431849479675293,10.035425186157227,10.811948776245117,9.998804092407227,11.545652389526367,11.415647506713867,10.089383125305176,9.529150009155273,11.764314651489258,10.295374870300293,10.025938987731934,9.69101333618164,10.84850025177002,10.680971145629883,10.52568244934082,10.676051139831543,11.779723167419434,9.785792350769043,10.551527976989746
19,CATAMARAN-OBJ-Match,Constraint,Match,her,"Before taking her on the roller coaster, Victoria calmly reassured Andrea that the loop wasn't dangerous at all.","Before taking her on the roller coaster, the","Before taking her on the roller coaster, the MASKTOKEN calmly reassured Andrea that the loop wasn't dangerous at all.","Before taking her on the roller coaster, the",woman,9.731001853942871,9.038909912109375,10.365948677062988,9.287277221679688,10.402338981628418,9.998693466186523,9.617198944091797,8.699211120605469,9.841018676757812,9.04880142211914,10.803858757019043,10.775983810424805,9.474763870239258,8.315776824951172,10.929255485534668,9.455836296081543,9.055829048156738,8.745731353759766,10.270559310913086,9.06359577178955,9.862741470336914,9.947641372680664,10.54775333404541,8.625922203063965,9.569807052612305
20,CATAMARAN-OBJ-Match,Constraint,Match,her,"After taking her to any social event, Rebecca always checked with Julia to see whether she actually had a good time.","After taking her to any social event, the","After taking her to any social event, the MASKTOKEN always checked with Julia to see whether she actually had a good time.","After taking her to any social event, the",woman,9.331335067749023,8.003941535949707,9.065217018127441,8.065714836120605,9.346796989440918,9.13415813446045,8.88589096069336,7.931874752044678,8.672043800354004,8.031120300292969,10.21265983581543,9.944413185119629,8.902095794677734,7.558953762054443,10.017151832580566,8.922513008117676,8.418898582458496,8.758070945739746,8.991412162780762,8.3233060836792,8.830322265625,9.495444297790527,9.301285743713379,8.837654113769531,9.489462852478027
20,CATAMARAN-GEN-Misma,No Constraint,Mismatch,his,"After taking his clients to any social event, Rebecca always checked with Elijah to see whether they actually had a good time.","After taking his clients to any social event, the","After taking his clients to any social event, the MASKTOKEN always checked with Elijah to see whether they actually had a good time.","After taking his clients to any social event, the",woman,10.668587684631348,9.879132270812988,10.527960777282715,10.035171508789062,11.03763198852539,10.12559700012207,10.686399459838867,10.172791481018066,10.613418579101562,9.851201057434082,11.351198196411133,11.250773429870605,10.477923393249512,9.313271522521973,11.136164665222168,10.439072608947754,10.13452434539795,10.287883758544922,10.505268096923828,10.368230819702148,10.380309104919434,10.541138648986816,10.580809593200684,10.355657577514648,11.184005737304688
20,CATAMARAN-GEN-Match,No Constraint,Match,her,"After taking her clients to any social event, Rebecca always checked with Julia to see whether they actually had a good time.","After taking her clients to any social event, the","After taking her clients to any social event, the MASKTOKEN always checked with Julia to see whether they actually had a good time.","After taking her clients to any social event, the",woman,9.780779838562012,8.538890838623047,9.438501358032227,8.538801193237305,9.544154167175293,9.287339210510254,9.515884399414062,8.345337867736816,9.153315544128418,8.64061450958252,10.431600570678711,10.468849182128906,9.823447227478027,7.811113357543945,10.01601791381836,9.241462707519531,8.702245712280273,9.192145347595215,9.728739738464355,8.45960521697998,9.39472484588623,9.70044231414795,9.57530689239502,9.294708251953125,9.776178359985352
20,CATAMARAN-OBJ-Misma,Constraint,Mismatch,him,"After taking him to any social event, Rebecca always checked with Elijah to see whether he actually had a good time.","After taking him to any social event, the","After taking him to any social event, the MASKTOKEN always checked with Elijah to see whether he actually had a good time.","After taking him to any social event, the",woman,10.261496543884277,9.217061042785645,10.11203670501709,9.283180236816406,10.684523582458496,10.200713157653809,10.059489250183105,9.51778507232666,9.697468757629395,9.228283882141113,11.072023391723633,10.450294494628906,9.575486183166504,8.876559257507324,10.911243438720703,9.799488067626953,9.636774063110352,9.852758407592773,9.750298500061035,10.172910690307617,9.854362487792969,10.240114212036133,10.481171607971191,9.851120948791504,10.543290138244629
21,CATAMARAN-OBJ-Misma,Constraint,Mismatch,him,"Before showing him any new paintings, Catherine typically consulted Shawn to see which pieces were the best.","Before showing him any new paintings, the","Before showing him any new paintings, the MASKTOKEN typically consulted Shawn to see which pieces were the best.","Before showing him any new paintings, the",woman,10.358542442321777,10.526860237121582,10.364267349243164,11.038674354553223,11.811249732971191,10.662960052490234,10.89238452911377,10.147506713867188,10.335182189941406,10.214884757995605,11.470836639404297,10.837973594665527,9.856890678405762,10.190932273864746,11.511251449584961,10.834726333618164,9.768462181091309,10.101043701171875,10.219318389892578,11.180191993713379,10.146598815917969,10.586549758911133,10.62682819366455,10.451007843017578,10.641901969909668
21,CATAMARAN-OBJ-Match,Constraint,Match,her,"Before showing her any new paintings, Catherine typically consulted Kelly to see which pieces were the best.","Before showing her any new paintings, the","Before showing her any new paintings, the MASKTOKEN typically consulted Kelly to see which pieces were the best.","Before showing her any new paintings, the",woman,8.91959285736084,9.003917694091797,8.954876899719238,9.52337646484375,9.974072456359863,9.208553314208984,9.410832405090332,8.433666229248047,8.995451927185059,8.995497703552246,10.181584358215332,10.07397174835205,8.825029373168945,8.465265274047852,10.524423599243164,9.529616355895996,8.781275749206543,9.088966369628906,8.70151138305664,8.997225761413574,8.921350479125977,9.458657264709473,8.942912101745605,8.866945266723633,8.907792091369629
21,CATAMARAN-GEN-Misma,No Constraint,Mismatch,his,"Before showing his patron any new paintings, Catherine typically consulted Shawn to see which pieces were the best.","Before showing his patron any new paintings, the","Before showing his patron any new paintings, the MASKTOKEN typically consulted Shawn to see which pieces were the best.","Before showing his patron any new paintings, the",woman,10.062980651855469,10.066727638244629,10.323432922363281,10.40280818939209,11.496715545654297,10.02441692352295,11.010183334350586,9.852914810180664,10.350800514221191,9.83516788482666,10.799596786499023,10.439788818359375,9.771750450134277,10.029376029968262,10.860157012939453,10.46906852722168,9.90583324432373,10.00061321258545,9.959674835205078,10.476780891418457,9.883344650268555,10.149537086486816,10.368491172790527,10.193915367126465,10.848397254943848
21,CATAMARAN-GEN-Match,No Constraint,Match,her,"Before showing her patron any new paintings, Catherine typically consulted Kelly to see which pieces were the best.","Before showing her patron any new paintings, the","Before showing her patron any new paintings, the MASKTOKEN typically consulted Kelly to see which pieces were the best.","Before showing her patron any new paintings, the",woman,8.663195610046387,8.552923202514648,8.846368789672852,9.200064659118652,9.565014839172363,8.970050811767578,9.721394538879395,8.341628074645996,8.916268348693848,8.606199264526367,9.562792778015137,9.721182823181152,8.785418510437012,8.246734619140625,10.054056167602539,9.396453857421875,8.53339958190918,8.776591300964355,8.71979808807373,8.44393253326416,8.876327514648438,9.139362335205078,8.844220161437988,8.700152397155762,8.860836029052734
22,CATAMARAN-GEN-Match,No Constraint,Match,her,"After nominating her roommate for class president, Nicole publicly humiliated Destiny by sharing a private conversation all over social media.","After nominating her roommate for class president, the","After nominating her roommate for class president, the MASKTOKEN publicly humiliated Destiny by sharing a private conversation all over social media.","After nominating her roommate for class president, the",woman,9.039972305297852,7.4842610359191895,8.579732894897461,9.242895126342773,9.117167472839355,9.735464096069336,9.315943717956543,8.45755672454834,9.173785209655762,8.599167823791504,9.833281517028809,9.6455659866333,9.898547172546387,7.856451988220215,9.534940719604492,9.379721641540527,9.262993812561035,8.865010261535645,9.164246559143066,9.19271469116211,9.467530250549316,10.444659233093262,9.490460395812988,8.88532543182373,9.17588996887207
22,CATAMARAN-OBJ-Misma,Constraint,Mismatch,him,"After nominating him for class president, Nicole publicly humiliated Jerome by sharing a private conversation all over social media.","After nominating him for class president, the","After nominating him for class president, the MASKTOKEN publicly humiliated Jerome by sharing a private conversation all over social media.","After nominating him for class president, the",woman,11.027826309204102,9.356443405151367,10.257708549499512,10.552906036376953,10.54578685760498,11.564663887023926,10.72208309173584,10.030634880065918,10.432924270629883,10.138566017150879,10.982441902160645,10.52607536315918,11.04291820526123,9.526978492736816,10.646358489990234,10.882954597473145,10.82945442199707,10.40351676940918,10.197120666503906,10.922696113586426,10.612944602966309,11.04506778717041,11.138519287109375,10.763570785522461,11.108555793762207
22,CATAMARAN-OBJ-Match,Constraint,Match,her,"After nominating her for class president, Nicole publicly humiliated Destiny by sharing a private conversation all over social media.","After nominating her for class president, the","After nominating her for class president, the MASKTOKEN publicly humiliated Destiny by sharing a private conversation all over social media.","After nominating her for class president, the",woman,9.590240478515625,7.6616082191467285,8.970466613769531,9.244483947753906,9.411270141601562,9.876270294189453,9.239561080932617,8.543081283569336,9.401728630065918,8.626018524169922,10.179329872131348,9.789948463439941,10.10201358795166,8.045831680297852,9.591808319091797,9.431233406066895,9.462367057800293,9.14824390411377,9.266087532043457,9.393380165100098,9.65455436706543,10.371237754821777,9.85751724243164,9.161249160766602,9.638266563415527
22,CATAMARAN-GEN-Misma,No Constraint,Mismatch,his,"After nominating his roommate for class president, Nicole publicly humiliated Jerome by sharing a private conversation all over social media.","After nominating his roommate for class president, the","After nominating his roommate for class president, the MASKTOKEN publicly humiliated Jerome by sharing a private conversation all over social media.","After nominating his roommate for class president, the",woman,10.406879425048828,9.177157402038574,9.62985610961914,10.626349449157715,10.763936042785645,11.395246505737305,10.87303638458252,10.093862533569336,10.427911758422852,9.695351600646973,10.819714546203613,10.479475021362305,10.905654907226562,8.946976661682129,10.360381126403809,10.791715621948242,10.596592903137207,10.554916381835938,9.945399284362793,10.52510929107666,10.482575416564941,11.328392028808594,10.732956886291504,10.580371856689453,10.412371635437012
23,CATAMARAN-GEN-Misma,No Constraint,Mismatch,his,"After watching his idol on the Voice, Kimberly immediately called up Francisco to discuss some of the highlights of the performance.","After watching his idol on the Voice, the","After watching his idol on the Voice, the MASKTOKEN immediately called up Francisco to discuss some of the highlights of the performance.","After watching his idol on the Voice, the",woman,9.859501838684082,9.240198135375977,9.092682838439941,9.58553409576416,9.780232429504395,10.241557121276855,8.43618392944336,9.290780067443848,9.082296371459961,8.65956974029541,10.503244400024414,9.682051658630371,9.24265193939209,9.485522270202637,9.97496223449707,9.665177345275879,9.848455429077148,9.298572540283203,9.156968116760254,9.883151054382324,9.760396003723145,10.113486289978027,9.755793571472168,8.79369831085205,8.90949821472168
23,CATAMARAN-GEN-Match,No Constraint,Match,her,"After watching her idol on the Voice, Kimberly immediately called up Selena to discuss some of the highlights of the performance.","After watching her idol on the Voice, the","After watching her idol on the Voice, the MASKTOKEN immediately called up Selena to discuss some of the highlights of the performance.","After watching her idol on the Voice, the",woman,8.283085823059082,7.739406108856201,7.628126621246338,8.13554573059082,8.351858139038086,9.159416198730469,7.16128396987915,7.636698246002197,8.079389572143555,7.229288101196289,9.555952072143555,9.088953018188477,8.280067443847656,7.738358020782471,8.975810050964355,8.36679458618164,8.424918174743652,8.02160930633545,8.168911933898926,7.937891960144043,8.622076034545898,8.965264320373535,8.852675437927246,7.327386856079102,7.54207706451416
23,CATAMARAN-OBJ-Misma,Constraint,Mismatch,him,"After watching him on the Voice, Kimberly immediately called up Francisco to discuss some of the highlights of the performance.","After watching him on the Voice, the","After watching him on the Voice, the MASKTOKEN immediately called up Francisco to discuss some of the highlights of the performance.","After watching him on the Voice, the",woman,9.714140892028809,9.145943641662598,9.280220985412598,9.620647430419922,9.53618335723877,9.96015453338623,8.071756362915039,9.219348907470703,9.521862030029297,8.625205039978027,10.545608520507812,9.89658260345459,9.056668281555176,8.887518882751465,10.459858894348145,9.388751983642578,9.671646118164062,9.247960090637207,9.062809944152832,9.422213554382324,9.755229949951172,10.052494049072266,10.420294761657715,8.730082511901855,8.65853214263916
23,CATAMARAN-OBJ-Match,Constraint,Match,her,"After watching her on the Voice, Kimberly immediately called up Selena to discuss some of the highlights of the performance.","After watching her on the Voice, the","After watching her on the Voice, the MASKTOKEN immediately called up Selena to discuss some of the highlights of the performance.","After watching her on the Voice, the",woman,8.38903522491455,7.946354866027832,8.01998519897461,8.426281929016113,8.230493545532227,8.70815372467041,7.06015682220459,7.612678527832031,8.621891021728516,7.2511749267578125,9.59723949432373,9.237455368041992,8.276679039001465,7.659317493438721,9.247636795043945,8.13468074798584,8.253510475158691,7.933007717132568,8.293251991271973,7.871203422546387,8.725919723510742,8.913636207580566,9.069245338439941,7.382936954498291,7.429232120513916
24,CATAMARAN-OBJ-Match,Constraint,Match,her,"Before sending her the secret contract, Rachel repeatedly made Crystal promise not to disclose the terms to anyone.","Before sending her the secret contract, the","Before sending her the secret contract, the MASKTOKEN repeatedly made Crystal promise not to disclose the terms to anyone.","Before sending her the secret contract, the",woman,9.426798820495605,8.84901237487793,9.327346801757812,9.424683570861816,9.558063507080078,8.928374290466309,8.948261260986328,9.034163475036621,9.813475608825684,8.887929916381836,10.742794036865234,10.147890090942383,10.258360862731934,8.357306480407715,10.920676231384277,9.57120418548584,9.819753646850586,8.901738166809082,9.604347229003906,8.863738059997559,10.083873748779297,10.139530181884766,10.247184753417969,9.073533058166504,9.952138900756836
24,CATAMARAN-GEN-Misma,No Constraint,Mismatch,his,"Before sending his associate the secret contract, Rachel repeatedly made Raymond promise not to disclose the terms to anyone.","Before sending his associate the secret contract, the","Before sending his associate the secret contract, the MASKTOKEN repeatedly made Raymond promise not to disclose the terms to anyone.","Before sending his associate the secret contract, the",woman,10.978693962097168,10.391645431518555,11.046043395996094,11.009664535522461,11.589674949645996,11.625289916992188,10.928544998168945,11.351981163024902,11.154378890991211,10.967178344726562,11.57614803314209,11.786782264709473,11.377250671386719,10.198665618896484,11.680070877075195,11.067410469055176,11.104257583618164,10.339160919189453,11.090335845947266,10.266073226928711,11.11491870880127,11.261039733886719,11.446991920471191,10.663958549499512,12.12232780456543
24,CATAMARAN-GEN-Match,No Constraint,Match,her,"Before sending her associate the secret contract, Rachel repeatedly made Crystal promise not to disclose the terms to anyone.","Before sending her associate the secret contract, the","Before sending her associate the secret contract, the MASKTOKEN repeatedly made Crystal promise not to disclose the terms to anyone.","Before sending her associate the secret contract, the",woman,9.764995574951172,8.773150444030762,9.614459037780762,9.342162132263184,9.713791847229004,9.686236381530762,9.462146759033203,9.546499252319336,9.677538871765137,9.405137062072754,10.637451171875,11.112635612487793,10.35598087310791,8.485121726989746,10.834721565246582,9.442030906677246,9.985769271850586,9.17850112915039,9.83531665802002,8.57259750366211,10.169157981872559,10.23078441619873,9.973651885986328,9.207412719726562,10.637124061584473
24,CATAMARAN-OBJ-Misma,Constraint,Mismatch,him,"Before sending him the secret contract, Rachel repeatedly made Raymond promise not to disclose the terms to anyone.","Before sending him the secret contract, the","Before sending him the secret contract, the MASKTOKEN repeatedly made Raymond promise not to disclose the terms to anyone.","Before sending him the secret contract, the",woman,10.60045337677002,10.080392837524414,10.602362632751465,11.112299919128418,10.978354454040527,10.947042465209961,10.314238548278809,10.577681541442871,11.057029724121094,10.409130096435547,11.869345664978027,11.370389938354492,11.090221405029297,9.78786849975586,11.910103797912598,10.761857986450195,10.95304012298584,9.843574523925781,10.520362854003906,10.588972091674805,11.296955108642578,11.212250709533691,11.841906547546387,10.727636337280273,11.109750747680664
