item,exp,pronoun,cond,contrast,target_changed,mask_sents,auto_sents,target,sent,/data/new-wikitext103-25-models/wikitext-103_LSTM_400_1-d0.2.pt_surp,/data/new-wikitext103-25-models/wikitext-103_LSTM_400_2-d0.2.pt_surp,/data/new-wikitext103-25-models/wikitext-103_LSTM_400_3-d0.2.pt_surp,/data/new-wikitext103-25-models/wikitext-103_LSTM_400_4-d0.2.pt_surp,/data/new-wikitext103-25-models/wikitext-103_LSTM_400_5-d0.2.pt_surp,/data/new-wikitext103-25-models/wikitext-103_LSTM_400_6-d0.2.pt_surp,/data/new-wikitext103-25-models/wikitext-103_LSTM_400_7-d0.2.pt_surp,/data/new-wikitext103-25-models/wikitext-103_LSTM_400_8-d0.2.pt_surp,/data/new-wikitext103-25-models/wikitext-103_LSTM_400_9-d0.2.pt_surp,/data/new-wikitext103-25-models/wikitext-103_LSTM_400_10-d0.2.pt_surp,/data/new-wikitext103-25-models/wikitext-103_LSTM_400_11-d0.2.pt_surp,/data/new-wikitext103-25-models/wikitext-103_LSTM_400_12-d0.2.pt_surp,/data/new-wikitext103-25-models/wikitext-103_LSTM_400_13-d0.2.pt_surp,/data/new-wikitext103-25-models/wikitext-103_LSTM_400_14-d0.2.pt_surp,/data/new-wikitext103-25-models/wikitext-103_LSTM_400_15-d0.2.pt_surp,/data/new-wikitext103-25-models/wikitext-103_LSTM_400_16-d0.2.pt_surp,/data/new-wikitext103-25-models/wikitext-103_LSTM_400_17-d0.2.pt_surp,/data/new-wikitext103-25-models/wikitext-103_LSTM_400_18-d0.2.pt_surp,/data/new-wikitext103-25-models/wikitext-103_LSTM_400_19-d0.2.pt_surp,/data/new-wikitext103-25-models/wikitext-103_LSTM_400_20-d0.2.pt_surp,/data/new-wikitext103-25-models/wikitext-103_LSTM_400_21-d0.2.pt_surp,/data/new-wikitext103-25-models/wikitext-103_LSTM_400_22-d0.2.pt_surp,/data/new-wikitext103-25-models/wikitext-103_LSTM_400_23-d0.2.pt_surp,/data/new-wikitext103-25-models/wikitext-103_LSTM_400_24-d0.2.pt_surp,/data/new-wikitext103-25-models/wikitext-103_LSTM_400_25-d0.2.pt_surp
1,1,he,m,Match,1,"When he was off work, the MASKTOKEN pestered the waitress all the time.","When he was off work, the",waiter,"When he was off work, the",14.323251724243164,15.114413261413574,14.375263214111328,14.465749740600586,14.044073104858398,14.21828842163086,14.643436431884766,13.885920524597168,15.237733840942383,14.514448165893555,14.218080520629883,15.546353340148926,13.927465438842773,13.999062538146973,14.204492568969727,15.416845321655273,15.192214965820312,14.719499588012695,14.056225776672363,14.270346641540527,14.470809936523438,14.451192855834961,14.879766464233398,15.181758880615234,14.519179344177246
1,1,she,m,Mismatch,1,"When she was off work, the MASKTOKEN pestered the waitress all the time.","When she was off work, the",waiter,"When she was off work, the",14.783768653869629,16.070199966430664,13.89638614654541,14.908821105957031,14.884002685546875,14.543657302856445,14.904678344726562,14.386778831481934,15.085159301757812,14.48167610168457,14.655144691467285,15.73854923248291,13.714302062988281,14.307902336120605,14.579572677612305,15.681588172912598,15.232260704040527,14.712382316589355,14.512627601623535,14.615185737609863,14.760244369506836,14.860440254211426,15.46459674835205,15.519448280334473,14.595253944396973
1,1,she,f,Match,0,"When she was off work, the MASKTOKEN pestered the waiter all the time.","When she was off work, the",waitress,"When she was off work, the",15.121440887451172,16.382646560668945,15.357475280761719,15.698939323425293,15.212894439697266,14.99555778503418,16.305152893066406,14.31726360321045,15.878365516662598,14.158805847167969,15.363640785217285,16.998817443847656,14.828224182128906,14.660758972167969,15.374055862426758,15.834882736206055,15.286819458007812,15.677299499511719,15.221658706665039,15.49647331237793,15.291516304016113,15.680424690246582,15.720903396606445,15.668031692504883,15.199987411499023
1,1,he,f,Mismatch,0,"When he was off work, the MASKTOKEN pestered the waiter all the time.","When he was off work, the",waitress,"When he was off work, the",16.500123977661133,17.371353149414062,17.214828491210938,16.92580795288086,16.895488739013672,17.08514976501465,17.8634090423584,15.76952075958252,17.450124740600586,15.914393424987793,16.27288818359375,17.740697860717773,16.200298309326172,16.40811538696289,16.44243049621582,17.228574752807617,16.304887771606445,16.80561065673828,15.93719482421875,17.150915145874023,16.425819396972656,16.77721405029297,17.3968505859375,17.21821403503418,16.491540908813477
2,1,he,m,Match,0,"When he arrived, the MASKTOKEN recognized the woman at once.","When he arrived, the",chairman,"When he arrived, the",11.958357810974121,11.35666275024414,11.501030921936035,11.738999366760254,11.751350402832031,12.069415092468262,11.377348899841309,11.216437339782715,12.561110496520996,11.662588119506836,11.476776123046875,11.260217666625977,11.14006233215332,10.913147926330566,11.656901359558105,11.834833145141602,10.752527236938477,11.423126220703125,11.492780685424805,11.371097564697266,12.265795707702637,11.91731071472168,11.16250228881836,12.320751190185547,11.158339500427246
2,1,she,m,Mismatch,0,"When she arrived, the MASKTOKEN recognized the woman at once.","When she arrived, the",chairman,"When she arrived, the",12.349387168884277,11.810114860534668,12.175986289978027,12.338129043579102,12.504453659057617,12.604668617248535,11.780388832092285,11.890740394592285,13.030155181884766,12.047274589538574,11.810221672058105,11.448593139648438,11.511104583740234,11.552776336669922,11.96479320526123,12.64533519744873,11.039862632751465,11.71117877960205,11.941872596740723,11.656993865966797,12.665262222290039,12.483920097351074,11.811697006225586,12.847661972045898,11.977705001831055
2,1,she,f,Match,1,"When she arrived, the MASKTOKEN recognized the chairman at once.","When she arrived, the",woman,"When she arrived, the",8.876888275146484,7.594645023345947,7.138282775878906,7.725884437561035,8.437243461608887,7.70654821395874,7.917396068572998,7.799747467041016,7.792550086975098,7.371347427368164,9.200179100036621,9.458529472351074,8.309531211853027,7.720994472503662,9.1946439743042,7.744204044342041,7.944088459014893,7.869572639465332,8.52152156829834,7.699860095977783,8.482955932617188,8.551595687866211,8.69251823425293,7.676263809204102,8.676657676696777
2,1,he,f,Mismatch,1,"When he arrived, the MASKTOKEN recognized the chairman at once.","When he arrived, the",woman,"When he arrived, the",10.163371086120605,9.287343978881836,8.92221450805664,9.555991172790527,10.361225128173828,9.734795570373535,9.688135147094727,9.469006538391113,9.391345977783203,9.049527168273926,10.385087966918945,10.335186958312988,9.636277198791504,9.41777515411377,10.173020362854004,9.246377944946289,9.6073637008667,9.154023170471191,9.589338302612305,9.559940338134766,9.68970775604248,9.863773345947266,10.53577709197998,9.197345733642578,10.338116645812988
3,1,he,m,Match,0,"When he was fed up, the MASKTOKEN visited the girl very often.","When he was fed up, the",boy,"When he was fed up, the",8.802118301391602,9.58449935913086,8.43483829498291,8.890156745910645,8.683712005615234,8.963624954223633,8.721451759338379,8.965888023376465,8.934659957885742,9.17109203338623,8.632598876953125,9.765279769897461,8.649197578430176,8.394259452819824,9.08711051940918,8.811071395874023,9.15134048461914,7.5376410484313965,8.621495246887207,8.562881469726562,8.9479341506958,8.41373348236084,9.148849487304688,9.345208168029785,8.877819061279297
3,1,she,m,Mismatch,0,"When she was fed up, the MASKTOKEN visited the girl very often.","When she was fed up, the",boy,"When she was fed up, the",8.92607593536377,9.827332496643066,8.289450645446777,9.266158103942871,9.170732498168945,8.873046875,8.664948463439941,9.08267879486084,9.43923568725586,9.194101333618164,9.087745666503906,9.903322219848633,8.52592945098877,8.519658088684082,9.244904518127441,9.317729949951172,9.018654823303223,7.778495788574219,8.680383682250977,8.71485710144043,9.20601749420166,8.911349296569824,9.473188400268555,9.282148361206055,8.776058197021484
3,1,she,f,Match,0,"When she was fed up, the MASKTOKEN visited the boy very often.","When she was fed up, the",girl,"When she was fed up, the",8.997129440307617,8.149356842041016,8.19795036315918,8.583871841430664,8.174345016479492,7.956927299499512,8.12489128112793,8.420343399047852,8.527953147888184,8.7739896774292,9.261924743652344,10.069430351257324,8.360361099243164,8.096238136291504,9.180197715759277,9.668296813964844,8.802614212036133,8.375000953674316,8.998190879821777,8.390932083129883,9.144918441772461,9.014720916748047,9.306352615356445,8.059414863586426,8.51200008392334
3,1,he,f,Mismatch,0,"When he was fed up, the MASKTOKEN visited the boy very often.","When he was fed up, the",girl,"When he was fed up, the",10.20180892944336,9.499979019165039,9.860450744628906,9.916716575622559,9.658520698547363,9.830471992492676,9.620091438293457,9.7583646774292,10.016845703125,10.101029396057129,10.064197540283203,10.8617582321167,9.678159713745117,9.592838287353516,10.210716247558594,11.007568359375,10.050755500793457,9.429649353027344,9.912583351135254,9.978048324584961,10.169291496276855,10.126956939697266,10.89263916015625,9.49453353881836,9.785783767700195
4,1,he,m,Match,0,"When he was talking, the MASKTOKEN noticed the girl at the end of the street.","When he was talking, the",policeman,"When he was talking, the",14.273674964904785,13.940521240234375,13.88222885131836,13.324225425720215,13.041362762451172,14.092939376831055,14.843731880187988,14.230646133422852,13.875749588012695,14.075379371643066,13.997082710266113,14.482320785522461,12.70295524597168,13.851419448852539,15.017680168151855,14.514631271362305,14.058043479919434,13.076332092285156,13.475265502929688,13.442001342773438,14.05481243133545,14.942039489746094,14.283023834228516,14.468765258789062,13.723258018493652
4,1,she,m,Mismatch,0,"When she was talking, the MASKTOKEN noticed the girl at the end of the street.","When she was talking, the",policeman,"When she was talking, the",14.352994918823242,14.362278938293457,13.721692085266113,13.59968376159668,13.811756134033203,14.739631652832031,15.131149291992188,14.513453483581543,14.142255783081055,14.045891761779785,14.120193481445312,14.691478729248047,12.877561569213867,14.241305351257324,15.26241397857666,14.889493942260742,14.295794486999512,13.18623161315918,13.758023262023926,13.705764770507812,14.317511558532715,14.892309188842773,14.629973411560059,14.74174976348877,13.694758415222168
4,1,she,f,Match,1,"When she was talking, the MASKTOKEN noticed the policeman at the end of the street.","When she was talking, the",girl,"When she was talking, the",9.403867721557617,8.411160469055176,8.291302680969238,8.25261116027832,7.993617057800293,7.745160102844238,8.027409553527832,8.072076797485352,8.064374923706055,8.382146835327148,9.029041290283203,9.698871612548828,8.488969802856445,7.853238105773926,9.276434898376465,9.436300277709961,8.446646690368652,8.051667213439941,8.568205833435059,7.956825256347656,8.700644493103027,9.5634765625,9.201059341430664,7.73628568649292,9.056221961975098
4,1,he,f,Mismatch,1,"When he was talking, the MASKTOKEN noticed the policeman at the end of the street.","When he was talking, the",girl,"When he was talking, the",10.644065856933594,9.836212158203125,9.817098617553711,9.604708671569824,9.620471000671387,9.57784652709961,9.553691864013672,9.375869750976562,9.62845230102539,9.647652626037598,9.966216087341309,10.588738441467285,9.748982429504395,9.386917114257812,10.31668758392334,10.70416259765625,9.686538696289062,9.168407440185547,9.58054256439209,9.447604179382324,9.785208702087402,10.880050659179688,10.849431037902832,9.282163619995117,10.333683967590332
5,1,he,m,Match,0,"When he was nearby, the MASKTOKEN saw the lady in the park.","When he was nearby, the",boy,"When he was nearby, the",9.208760261535645,9.744314193725586,8.760793685913086,9.012174606323242,8.376424789428711,8.587264060974121,8.795018196105957,8.953167915344238,8.855591773986816,9.40665054321289,8.797958374023438,9.794575691223145,8.659342765808105,8.539941787719727,9.296988487243652,8.716856002807617,8.862504959106445,8.137547492980957,8.923375129699707,8.484848022460938,8.746606826782227,8.685009956359863,9.605180740356445,9.366870880126953,8.72860050201416
5,1,she,m,Mismatch,0,"When she was nearby, the MASKTOKEN saw the lady in the park.","When she was nearby, the",boy,"When she was nearby, the",9.362563133239746,9.977150917053223,8.618522644042969,9.350942611694336,8.84205150604248,8.436544418334961,8.720634460449219,9.114683151245117,9.435701370239258,9.481402397155762,9.199216842651367,9.860345840454102,8.540647506713867,8.637065887451172,9.518160820007324,9.174283981323242,8.769189834594727,8.395471572875977,9.022818565368652,8.652142524719238,9.028369903564453,9.094905853271484,9.916553497314453,9.309723854064941,8.656291007995605
5,1,she,f,Match,1,"When she was nearby, the MASKTOKEN saw the boy in the park.","When she was nearby, the",lady,"When she was nearby, the",11.787773132324219,10.815389633178711,11.261406898498535,10.763235092163086,11.333944320678711,11.02488899230957,10.443753242492676,11.774442672729492,11.4212007522583,10.280177116394043,11.564506530761719,11.954577445983887,10.632242202758789,10.853010177612305,10.680150985717773,11.073027610778809,11.22123908996582,10.371915817260742,11.214822769165039,10.787888526916504,11.066649436950684,11.237143516540527,11.3422212600708,10.568550109863281,11.64610481262207
5,1,he,f,Mismatch,1,"When he was nearby, the MASKTOKEN saw the boy in the park.","When he was nearby, the",lady,"When he was nearby, the",12.788725852966309,12.18494987487793,12.696452140808105,12.151717185974121,12.666915893554688,12.773055076599121,12.142884254455566,12.78375244140625,12.36402702331543,11.864690780639648,12.49686050415039,12.715598106384277,11.678497314453125,12.533297538757324,11.776298522949219,12.290403366088867,12.367132186889648,11.526241302490234,12.214263916015625,12.156424522399902,12.26495361328125,12.369789123535156,12.898015022277832,11.840709686279297,12.725939750671387
6,1,he,m,Match,1,"When he was lost, the MASKTOKEN spotted the maid in the forest.","When he was lost, the",hunter,"When he was lost, the",13.196415901184082,13.193434715270996,12.929616928100586,14.068778038024902,12.79727840423584,13.041265487670898,12.706623077392578,13.595168113708496,14.02812671661377,12.75361156463623,13.071098327636719,12.486625671386719,13.174487113952637,12.981892585754395,13.31011962890625,13.228365898132324,13.593729972839355,13.716017723083496,12.509039878845215,14.929651260375977,13.509635925292969,13.262506484985352,13.055195808410645,13.90736198425293,13.811567306518555
6,1,she,m,Mismatch,1,"When she was lost, the MASKTOKEN spotted the maid in the forest.","When she was lost, the",hunter,"When she was lost, the",13.238574981689453,13.299972534179688,13.108946800231934,14.025556564331055,13.078485488891602,13.513790130615234,12.934797286987305,13.760260581970215,14.269265174865723,12.806180000305176,13.148106575012207,12.75853443145752,13.449397087097168,12.645037651062012,13.364240646362305,13.217226028442383,13.617732048034668,13.77454948425293,12.386590957641602,14.798267364501953,13.637398719787598,13.530113220214844,13.017168998718262,13.832660675048828,13.679676055908203
6,1,she,f,Match,1,"When she was lost, the MASKTOKEN spotted the hunter in the forest.","When she was lost, the",maid,"When she was lost, the",13.789029121398926,14.059840202331543,12.946050643920898,13.11366081237793,13.62387752532959,12.910564422607422,13.703063011169434,11.995671272277832,14.045000076293945,12.691314697265625,13.360498428344727,14.954818725585938,13.600866317749023,12.618614196777344,14.10777759552002,13.310676574707031,13.137686729431152,13.252546310424805,13.730533599853516,13.192587852478027,14.133301734924316,13.699444770812988,12.829632759094238,12.734846115112305,13.52082633972168
6,1,he,f,Mismatch,1,"When he was lost, the MASKTOKEN spotted the hunter in the forest.","When he was lost, the",maid,"When he was lost, the",14.984082221984863,15.180612564086914,14.741652488708496,14.392000198364258,15.080673217773438,14.807147026062012,15.574270248413086,13.580209732055664,15.518495559692383,14.35680103302002,14.301390647888184,15.811955451965332,14.91490650177002,14.26198959350586,15.37161922454834,14.770414352416992,14.41804027557373,14.297101974487305,14.799846649169922,14.56382942199707,15.390185356140137,14.759417533874512,14.5598726272583,14.193291664123535,14.849871635437012
7,1,he,m,Match,1,"When he was bad-tempered, the MASKTOKEN ignored the lady all day.","When he was bad-tempered, the",man,"When he was bad-tempered, the",6.852062702178955,7.001119136810303,7.247244358062744,7.389365196228027,7.576075077056885,7.95707368850708,7.460836887359619,8.602812767028809,8.070293426513672,7.583139419555664,7.945012092590332,7.885232448577881,6.835988998413086,7.418952941894531,7.818847179412842,7.664379119873047,7.585300445556641,6.880399703979492,6.68079948425293,7.079059600830078,8.272252082824707,7.8853535652160645,8.012992858886719,7.374876022338867,7.508359432220459
7,1,she,m,Mismatch,1,"When she was bad-tempered, the MASKTOKEN ignored the lady all day.","When she was bad-tempered, the",man,"When she was bad-tempered, the",7.12454080581665,7.500955581665039,7.442760944366455,7.799715995788574,8.15774917602539,8.371468544006348,7.872318744659424,8.866363525390625,8.429682731628418,7.731277942657471,8.551569938659668,8.295647621154785,7.100677013397217,7.864085674285889,8.254040718078613,8.421377182006836,7.767312049865723,7.203526020050049,6.98795223236084,7.45911169052124,8.50592041015625,8.242521286010742,8.336226463317871,7.683868408203125,7.730192184448242
7,1,she,f,Match,1,"When she was bad-tempered, the MASKTOKEN ignored the man all day.","When she was bad-tempered, the",lady,"When she was bad-tempered, the",11.911642074584961,10.79037857055664,11.267221450805664,10.965571403503418,11.853878021240234,10.855535507202148,11.200733184814453,12.278518676757812,11.342914581298828,10.799049377441406,12.583685874938965,12.54509449005127,10.804685592651367,10.66358757019043,11.465197563171387,10.793004035949707,11.530770301818848,9.837105751037598,11.373534202575684,11.661711692810059,12.108112335205078,12.022250175476074,12.467118263244629,11.089668273925781,12.214900970458984
7,1,he,f,Mismatch,1,"When he was bad-tempered, the MASKTOKEN ignored the man all day.","When he was bad-tempered, the",lady,"When he was bad-tempered, the",13.030814170837402,12.136578559875488,12.75385856628418,12.453794479370117,13.238835334777832,12.548096656799316,12.833038330078125,13.268414497375488,12.585047721862793,12.357660293579102,13.48176383972168,13.350001335144043,11.802742958068848,12.249764442443848,12.606887817382812,12.011570930480957,12.429533958435059,10.84647274017334,12.33352279663086,12.928805351257324,13.295577049255371,13.086580276489258,14.13796615600586,12.423118591308594,13.338619232177734
8,1,he,m,Match,0,"When he was jealous, the MASKTOKEN angered the secretary more than ever.","When he was jealous, the",businessman,"When he was jealous, the",13.893013000488281,14.190462112426758,14.12226390838623,13.880638122558594,12.744346618652344,14.391541481018066,13.824563980102539,13.847373962402344,14.472213745117188,13.882753372192383,13.324857711791992,14.497314453125,14.030722618103027,13.471230506896973,14.027955055236816,13.619118690490723,13.053977966308594,13.64472484588623,14.420869827270508,14.103708267211914,14.39116382598877,14.48180866241455,14.569585800170898,14.030231475830078,14.41595458984375
8,1,she,m,Mismatch,0,"When she was jealous, the MASKTOKEN angered the secretary more than ever.","When she was jealous, the",businessman,"When she was jealous, the",14.290291786193848,14.736645698547363,14.375077247619629,14.158233642578125,13.296379089355469,15.029775619506836,14.133038520812988,14.043962478637695,14.593401908874512,14.245153427124023,13.58002758026123,14.57481575012207,14.244985580444336,13.979201316833496,14.2438325881958,13.999716758728027,13.19621467590332,14.02320671081543,14.61697006225586,14.531877517700195,14.745068550109863,14.719182968139648,14.813314437866211,14.307308197021484,14.669856071472168
8,1,she,f,Match,1,"When she was jealous, the MASKTOKEN angered the businessman more than ever.","When she was jealous, the",secretary,"When she was jealous, the",11.31765079498291,11.371909141540527,11.753654479980469,10.78710651397705,11.625020027160645,11.42439079284668,11.144332885742188,10.863758087158203,11.26365852355957,10.664937019348145,10.834973335266113,11.292839050292969,10.976258277893066,9.669520378112793,10.892558097839355,11.196599960327148,10.48501205444336,10.239949226379395,10.714644432067871,10.164029121398926,12.005865097045898,11.084665298461914,11.017897605895996,11.476316452026367,10.863334655761719
8,1,he,f,Mismatch,1,"When he was jealous, the MASKTOKEN angered the businessman more than ever.","When he was jealous, the",secretary,"When he was jealous, the",11.1184663772583,11.347494125366211,11.623037338256836,10.844093322753906,11.5670166015625,11.40953254699707,10.897747039794922,10.945505142211914,11.266969680786133,10.65223217010498,10.823873519897461,11.231595993041992,10.820107460021973,9.754754066467285,10.714780807495117,10.8552885055542,10.417379379272461,10.201887130737305,10.831981658935547,10.45388126373291,12.016373634338379,11.050800323486328,10.730916023254395,11.403971672058105,10.65697193145752
9,1,he,m,Match,1,"When he was in residence, the MASKTOKEN annoyed the princess very much.","When he was in residence, the",lord,"When he was in residence, the",11.205392837524414,10.230497360229492,10.654240608215332,10.15595531463623,11.338428497314453,11.697281837463379,11.689388275146484,10.849714279174805,10.394311904907227,10.223997116088867,10.833977699279785,10.129091262817383,10.486968040466309,11.167105674743652,10.660637855529785,10.666003227233887,10.668900489807129,11.223538398742676,11.220442771911621,10.89078426361084,11.31844711303711,10.333209037780762,10.21013355255127,10.657465934753418,10.842376708984375
9,1,she,m,Mismatch,1,"When she was in residence, the MASKTOKEN annoyed the princess very much.","When she was in residence, the",lord,"When she was in residence, the",11.505749702453613,10.557172775268555,10.812399864196777,10.547881126403809,11.85807991027832,11.913208961486816,11.414900779724121,11.332792282104492,10.525657653808594,10.24998950958252,10.972493171691895,10.14348316192627,10.684121131896973,11.181042671203613,10.783829689025879,10.95692253112793,10.75449275970459,11.462712287902832,11.27816390991211,11.271228790283203,11.097360610961914,10.49190902709961,10.466004371643066,10.814726829528809,11.0693941116333
9,1,she,f,Match,0,"When she was in residence, the MASKTOKEN annoyed the lord very much.","When she was in residence, the",princess,"When she was in residence, the",10.970348358154297,10.661150932312012,9.49889087677002,10.254050254821777,10.13874340057373,9.57397174835205,10.86981201171875,10.650123596191406,11.162840843200684,9.881880760192871,10.772300720214844,12.130248069763184,9.930214881896973,10.36487865447998,9.902715682983398,10.974357604980469,11.217175483703613,10.051979064941406,10.429231643676758,10.133153915405273,11.618145942687988,10.66611385345459,11.411792755126953,11.364562034606934,12.05245590209961
9,1,he,f,Mismatch,0,"When he was in residence, the MASKTOKEN annoyed the lord very much.","When he was in residence, the",princess,"When he was in residence, the",11.99685287475586,12.058069229125977,11.026823997497559,11.68049430847168,11.537840843200684,11.414712905883789,12.707902908325195,11.936454772949219,12.337084770202637,11.410451889038086,11.778514862060547,12.947736740112305,11.08397388458252,11.984041213989258,10.893716812133789,12.295246124267578,12.545083999633789,10.872248649597168,11.733843803405762,11.59480094909668,12.864070892333984,11.797608375549316,12.942549705505371,12.379405975341797,13.068694114685059
10,1,he,m,Match,1,"When he was introduced, the MASKTOKEN shook the widow by the hand.","When he was introduced, the",sailor,"When he was introduced, the",13.797724723815918,14.577408790588379,13.82754898071289,14.9063081741333,13.861492156982422,14.280938148498535,15.159841537475586,15.296661376953125,14.359662055969238,13.698674201965332,14.07706069946289,14.684181213378906,14.02083969116211,13.699983596801758,14.005317687988281,14.653313636779785,14.26145076751709,14.347801208496094,12.980111122131348,14.221550941467285,14.903227806091309,15.566187858581543,14.997319221496582,14.255301475524902,13.892253875732422
10,1,she,m,Mismatch,1,"When she was introduced, the MASKTOKEN shook the widow by the hand.","When she was introduced, the",sailor,"When she was introduced, the",13.582249641418457,14.312990188598633,13.276270866394043,14.422033309936523,12.79906940460205,13.549495697021484,14.213031768798828,14.871796607971191,14.097838401794434,13.459834098815918,13.66593074798584,14.630514144897461,13.849344253540039,13.284778594970703,13.989943504333496,14.86066722869873,14.416122436523438,14.341939926147461,12.953948974609375,13.955156326293945,14.448790550231934,15.399282455444336,14.186785697937012,13.532621383666992,13.682147979736328
10,1,she,f,Match,1,"When she was introduced, the MASKTOKEN shook the sailor by the hand.","When she was introduced, the",widow,"When she was introduced, the",12.447245597839355,12.780287742614746,12.678335189819336,12.417495727539062,12.51883316040039,12.537312507629395,13.202216148376465,12.417869567871094,12.05143928527832,10.791144371032715,12.798223495483398,12.49425220489502,13.069143295288086,11.753715515136719,12.583885192871094,12.483452796936035,12.047194480895996,11.424174308776855,11.68870735168457,11.922924041748047,13.30854606628418,11.18218994140625,12.150556564331055,12.269953727722168,12.057026863098145
10,1,he,f,Mismatch,1,"When he was introduced, the MASKTOKEN shook the sailor by the hand.","When he was introduced, the",widow,"When he was introduced, the",12.968929290771484,13.39072036743164,13.514570236206055,13.260180473327637,13.248332023620605,13.605935096740723,13.890066146850586,13.341814041137695,12.402979850769043,11.944461822509766,13.098556518554688,12.70306396484375,13.604570388793945,12.115633010864258,12.962967872619629,12.904337882995605,12.86693286895752,11.885637283325195,12.3327054977417,12.96407413482666,13.905442237854004,11.79333209991455,13.027922630310059,12.97960376739502,12.726746559143066
11,1,he,m,Match,0,"When he arrived, the MASKTOKEN greeted the maid kindly.","When he arrived, the",master,"When he arrived, the",10.50566291809082,10.40698528289795,9.743749618530273,10.09736442565918,11.140625,10.539495468139648,10.524714469909668,10.734101295471191,10.52800178527832,10.452214241027832,10.727818489074707,10.44388484954834,9.709779739379883,10.71389102935791,10.023767471313477,9.969738006591797,10.472521781921387,10.207857131958008,10.553730010986328,10.030766487121582,10.574337005615234,10.624105453491211,10.43651008605957,10.472811698913574,10.804216384887695
11,1,she,m,Mismatch,0,"When she arrived, the MASKTOKEN greeted the maid kindly.","When she arrived, the",master,"When she arrived, the",10.628093719482422,10.796717643737793,10.35852336883545,10.300042152404785,11.4170503616333,10.764554023742676,10.425018310546875,10.958856582641602,10.62979507446289,10.80915355682373,10.66625690460205,10.868231773376465,10.15746021270752,10.873952865600586,10.211817741394043,10.625665664672852,10.394159317016602,10.46619701385498,10.802481651306152,10.266180038452148,10.810978889465332,11.13945198059082,10.68704605102539,10.433826446533203,10.875368118286133
11,1,she,f,Match,1,"When she arrived, the MASKTOKEN greeted the master kindly.","When she arrived, the",maid,"When she arrived, the",13.915837287902832,13.428970336914062,12.264761924743652,13.11898136138916,13.477354049682617,12.950432777404785,13.753815650939941,11.824389457702637,13.328490257263184,12.349284172058105,13.370683670043945,14.503907203674316,13.228243827819824,12.604166984558105,14.01993465423584,13.077560424804688,12.959481239318848,13.001372337341309,13.352949142456055,12.898730278015137,14.072858810424805,13.351448059082031,12.799668312072754,12.412055015563965,13.437640190124512
11,1,he,f,Mismatch,1,"When he arrived, the MASKTOKEN greeted the master kindly.","When he arrived, the",maid,"When he arrived, the",15.083843231201172,14.625242233276367,14.024389266967773,14.493734359741211,14.928324699401855,14.883271217346191,15.717601776123047,13.52585506439209,14.846856117248535,14.02329158782959,14.342411994934082,15.309394836425781,14.546648979187012,14.099793434143066,15.135587692260742,14.56101131439209,14.292464256286621,13.963149070739746,14.465771675109863,14.197561264038086,15.280281066894531,14.47470474243164,14.510770797729492,13.880939483642578,14.983202934265137
12,1,he,m,Match,0,"When he felt sad, the MASKTOKEN hugged the woman gently.","When he felt sad, the",man,"When he felt sad, the",7.489508152008057,7.417581558227539,7.634693145751953,7.300357341766357,7.533862113952637,7.399559020996094,7.656341552734375,8.18093490600586,7.956840991973877,7.426768779754639,8.47265625,8.146502494812012,7.323055744171143,7.2761969566345215,7.766261577606201,8.20236873626709,7.381472110748291,7.346682071685791,7.165851593017578,6.580774307250977,7.708287715911865,7.526126384735107,7.760119915008545,7.17776346206665,7.768661022186279
12,1,she,m,Mismatch,0,"When she felt sad, the MASKTOKEN hugged the woman gently.","When she felt sad, the",man,"When she felt sad, the",7.774293899536133,7.902976989746094,7.845301628112793,7.622749328613281,8.150327682495117,7.807404041290283,8.081315040588379,8.366691589355469,8.30971908569336,7.582995414733887,8.9242525100708,8.535999298095703,7.6555023193359375,7.7267656326293945,8.076603889465332,8.697534561157227,7.7071733474731445,7.583305358886719,7.4836225509643555,7.035685062408447,7.941945552825928,7.827409267425537,8.190373420715332,7.4199934005737305,7.967194080352783
12,1,she,f,Match,0,"When she felt sad, the MASKTOKEN hugged the man gently.","When she felt sad, the",woman,"When she felt sad, the",8.369063377380371,7.758664131164551,7.582635879516602,7.37297248840332,8.101790428161621,7.483912944793701,7.992819309234619,8.365084648132324,8.29275131225586,8.096208572387695,9.404892921447754,9.701333045959473,8.262419700622559,7.242790699005127,9.218798637390137,8.301949501037598,7.973978042602539,7.421724796295166,7.481449604034424,7.965948581695557,8.706473350524902,8.51264476776123,8.612039566040039,7.954074859619141,8.425530433654785
12,1,he,f,Mismatch,0,"When he felt sad, the MASKTOKEN hugged the man gently.","When he felt sad, the",woman,"When he felt sad, the",9.74902629852295,9.575691223144531,9.309518814086914,9.266092300415039,9.888699531555176,9.443766593933105,9.543471336364746,10.060101509094238,9.875070571899414,9.745240211486816,10.447713851928711,10.604848861694336,9.466438293457031,9.191671371459961,10.293132781982422,9.830059051513672,9.608359336853027,8.827238082885742,8.529740333557129,9.738940238952637,9.843575477600098,9.82121467590332,10.52810287475586,9.534278869628906,9.909143447875977
13,1,he,m,Match,1,"When he was present, the MASKTOKEN embarrassed the actress all the time.","When he was present, the",actor,"When he was present, the",8.096379280090332,9.357452392578125,9.436174392700195,9.646678924560547,8.801178932189941,8.352015495300293,9.778858184814453,9.346723556518555,9.366214752197266,10.401458740234375,8.60925006866455,9.312092781066895,9.851787567138672,9.380285263061523,9.823396682739258,9.603659629821777,9.290182113647461,9.546242713928223,9.249540328979492,9.8848295211792,9.073274612426758,9.40909194946289,10.113404273986816,9.435714721679688,9.662026405334473
13,1,she,m,Mismatch,1,"When she was present, the MASKTOKEN embarrassed the actress all the time.","When she was present, the",actor,"When she was present, the",8.342825889587402,10.146567344665527,9.787843704223633,10.251823425292969,10.213407516479492,9.023568153381348,10.186613082885742,9.705021858215332,9.85629940032959,10.855337142944336,9.524674415588379,9.734795570373535,10.051424026489258,10.001056671142578,10.173017501831055,10.08276653289795,9.95947265625,10.096177101135254,9.940207481384277,10.819701194763184,9.490168571472168,9.933331489562988,10.510839462280273,9.813721656799316,10.0250883102417
13,1,she,f,Match,0,"When she was present, the MASKTOKEN embarrassed the actor all the time.","When she was present, the",actress,"When she was present, the",8.693758964538574,9.149168968200684,9.888505935668945,10.20849895477295,9.357126235961914,7.943896293640137,10.23823070526123,9.35952377319336,9.475090026855469,11.026418685913086,9.636908531188965,10.726280212402344,10.39387035369873,9.83459758758545,10.555274963378906,9.713430404663086,9.353947639465332,9.685033798217773,9.96533489227295,10.78252124786377,9.56637954711914,10.31407642364502,10.082314491271973,9.62966251373291,10.553986549377441
13,1,he,f,Mismatch,0,"When he was present, the MASKTOKEN embarrassed the actor all the time.","When he was present, the",actress,"When he was present, the",10.197272300720215,10.66360092163086,11.625467300415039,12.110352516174316,10.877801895141602,10.020366668701172,11.896357536315918,11.031057357788086,11.167736053466797,12.618671417236328,10.521595001220703,11.700224876403809,11.919066429138184,11.596914291381836,11.76775074005127,11.424347877502441,11.119405746459961,10.947464942932129,10.893311500549316,12.345785140991211,10.826828956604004,11.569866180419922,12.13563060760498,11.182275772094727,11.907078742980957
14,1,he,m,Match,0,"When he was depressed, the MASKTOKEN invited the lady for a drink.","When he was depressed, the",lord,"When he was depressed, the",11.157824516296387,10.956456184387207,11.231623649597168,10.537003517150879,11.973899841308594,11.421875,11.659248352050781,11.305129051208496,10.691981315612793,10.675065040588379,11.02221965789795,10.245007514953613,11.067272186279297,11.126935005187988,11.583379745483398,10.272047996520996,11.190744400024414,12.072178840637207,11.447269439697266,10.767864227294922,12.09632682800293,10.681574821472168,11.34780216217041,10.99276065826416,11.87031078338623
14,1,she,m,Mismatch,0,"When she was depressed, the MASKTOKEN invited the lady for a drink.","When she was depressed, the",lord,"When she was depressed, the",11.549221992492676,11.352060317993164,11.350762367248535,10.974980354309082,12.414698600769043,11.622940063476562,11.363380432128906,11.795734405517578,10.799302101135254,10.677814483642578,11.163287162780762,10.229053497314453,11.180301666259766,11.207595825195312,11.637589454650879,10.489022254943848,11.287901878356934,12.301690101623535,11.596799850463867,11.276270866394043,11.824838638305664,10.866299629211426,11.517292976379395,11.156188011169434,12.10050106048584
14,1,she,f,Match,1,"When she was depressed, the MASKTOKEN invited the lord for a drink.","When she was depressed, the",lady,"When she was depressed, the",11.455655097961426,11.222489356994629,11.167027473449707,10.477373123168945,11.703394889831543,10.919968605041504,10.94840145111084,11.927946090698242,11.077009201049805,10.148365020751953,11.7150297164917,12.590860366821289,10.76655387878418,10.583444595336914,11.349747657775879,11.11209487915039,11.281917572021484,10.749723434448242,11.435477256774902,11.36007022857666,11.096266746520996,11.612042427062988,12.385186195373535,10.78730583190918,12.21701717376709
14,1,he,f,Mismatch,1,"When he was depressed, the MASKTOKEN invited the lord for a drink.","When he was depressed, the",lady,"When he was depressed, the",12.460976600646973,12.551453590393066,12.681421279907227,11.884380340576172,13.050456047058105,12.648685455322266,12.652082443237305,12.920491218566895,12.373625755310059,11.709807395935059,12.699681282043457,13.40954875946045,11.810444831848145,12.237407684326172,12.467037200927734,12.253084182739258,12.392512321472168,11.860396385192871,12.255849838256836,12.700925827026367,12.32033634185791,12.679482460021973,14.106142044067383,12.077903747558594,13.293349266052246
15,1,he,m,Match,0,"When he was around, the MASKTOKEN helped the maid all the time.","When he was around, the",salesman,"When he was around, the",15.272513389587402,16.765514373779297,15.164267539978027,17.487873077392578,15.252396583557129,15.734078407287598,15.667695999145508,16.02933120727539,17.048776626586914,16.19402313232422,14.998966217041016,16.2186222076416,14.9569730758667,15.55479621887207,16.29486846923828,15.057355880737305,15.83623218536377,15.66029167175293,15.281268119812012,15.346559524536133,16.3046817779541,16.76458168029785,17.04050636291504,16.452795028686523,16.642154693603516
15,1,she,m,Mismatch,0,"When she was around, the MASKTOKEN helped the maid all the time.","When she was around, the",salesman,"When she was around, the",16.13385581970215,17.796340942382812,15.544388771057129,18.541278839111328,16.46314811706543,16.801250457763672,16.41733169555664,16.69863510131836,17.42099952697754,16.86798858642578,15.82155704498291,16.83592414855957,15.45702075958252,16.380107879638672,16.831274032592773,16.197025299072266,16.526222229003906,16.1644287109375,15.960567474365234,16.50607681274414,17.068422317504883,17.54966163635254,17.91440773010254,17.000696182250977,17.23716926574707
15,1,she,f,Match,1,"When she was around, the MASKTOKEN helped the salesman all the time.","When she was around, the",maid,"When she was around, the",13.24724006652832,13.908577919006348,12.23184871673584,13.183915138244629,12.990495681762695,12.485286712646484,12.98336410522461,12.875548362731934,14.732263565063477,12.843729972839355,13.588512420654297,14.53659439086914,13.061695098876953,12.834064483642578,14.43757438659668,13.436705589294434,13.369027137756348,13.414759635925293,13.716763496398926,13.307669639587402,14.727561950683594,14.09231185913086,13.062925338745117,12.925408363342285,13.941070556640625
15,1,he,f,Mismatch,1,"When he was around, the MASKTOKEN helped the salesman all the time.","When he was around, the",maid,"When he was around, the",14.347290992736816,14.98527717590332,14.122408866882324,14.533506393432617,14.336572647094727,14.513714790344238,14.855091094970703,14.691061973571777,16.031402587890625,14.509958267211914,14.522134780883789,15.324274063110352,14.340474128723145,14.37550163269043,15.659990310668945,14.75953483581543,14.71744155883789,14.406606674194336,14.750197410583496,14.682761192321777,16.000247955322266,15.266382217407227,14.849930763244629,14.391719818115234,15.340773582458496
16,1,he,m,Match,0,"When he was near, the MASKTOKEN approached the waitress on the plane.","When he was near, the",congressman,"When he was near, the",16.211313247680664,15.400242805480957,15.27756118774414,15.784307479858398,15.969728469848633,14.76587200164795,15.561086654663086,15.065059661865234,15.781562805175781,16.129552841186523,14.910584449768066,14.907777786254883,15.150322914123535,14.391744613647461,15.23184585571289,15.464816093444824,15.002392768859863,14.750625610351562,14.982385635375977,15.498173713684082,15.760568618774414,16.005155563354492,15.616591453552246,15.68216609954834,14.899383544921875
16,1,she,m,Mismatch,0,"When she was near, the MASKTOKEN approached the waitress on the plane.","When she was near, the",congressman,"When she was near, the",16.583803176879883,15.909392356872559,15.49333381652832,16.01718521118164,16.24560546875,14.892004013061523,16.107175827026367,15.38447093963623,15.998998641967773,16.518468856811523,15.188067436218262,15.16672420501709,15.461804389953613,14.920032501220703,15.615625381469727,16.055736541748047,15.234504699707031,15.24268913269043,15.18515682220459,15.552217483520508,16.111093521118164,16.242036819458008,15.698375701904297,15.795395851135254,15.078153610229492
16,1,she,f,Match,1,"When she was near, the MASKTOKEN approached the congressman on the plane.","When she was near, the",waitress,"When she was near, the",15.406806945800781,16.347171783447266,15.224410057067871,16.22588539123535,15.913345336914062,15.44684886932373,16.051240921020508,15.315642356872559,15.818293571472168,14.693526268005371,15.505768775939941,17.46879005432129,15.37641429901123,15.400768280029297,16.29469108581543,15.671302795410156,15.814459800720215,16.26902961730957,16.285228729248047,15.937649726867676,16.421924591064453,15.927922248840332,15.733880996704102,15.338576316833496,16.620750427246094
16,1,he,f,Mismatch,1,"When he was near, the MASKTOKEN approached the congressman on the plane.","When he was near, the",waitress,"When he was near, the",16.71356201171875,17.376096725463867,17.026290893554688,17.327116012573242,17.450576782226562,17.592647552490234,17.53989601135254,16.685211181640625,17.260379791259766,16.363309860229492,16.447124481201172,18.18593978881836,16.63945198059082,17.126317977905273,17.436840057373047,17.093809127807617,16.828927993774414,17.389873504638672,16.95035743713379,17.61830711364746,17.613149642944336,17.147249221801758,17.405593872070312,16.908506393432617,17.682973861694336
17,1,he,m,Match,0,"When he was in court, the MASKTOKEN trusted the lady most of all.","When he was in court, the",knight,"When he was in court, the",14.116843223571777,12.645857810974121,12.619490623474121,13.64238166809082,12.422675132751465,12.982312202453613,12.217782020568848,13.652081489562988,13.547725677490234,12.406134605407715,12.835722923278809,13.25643539428711,12.69274616241455,13.122661590576172,13.312387466430664,12.66362476348877,12.925909042358398,12.846612930297852,13.291211128234863,13.383861541748047,12.816911697387695,12.622373580932617,13.564172744750977,13.093655586242676,13.15707015991211
17,1,she,m,Mismatch,0,"When she was in court, the MASKTOKEN trusted the lady most of all.","When she was in court, the",knight,"When she was in court, the",14.023812294006348,12.8253173828125,12.585808753967285,14.132950782775879,13.114550590515137,13.35973072052002,12.29331111907959,13.703639030456543,13.850176811218262,12.136441230773926,13.335662841796875,13.421954154968262,13.042254447937012,13.272679328918457,13.605903625488281,13.262624740600586,12.990655899047852,12.893878936767578,13.33216667175293,14.26220989227295,12.942293167114258,12.860615730285645,13.904953002929688,13.341585159301758,13.390023231506348
17,1,she,f,Match,1,"When she was in court, the MASKTOKEN trusted the knight most of all.","When she was in court, the",lady,"When she was in court, the",11.457467079162598,10.752044677734375,11.023316383361816,10.678857803344727,10.511528015136719,11.040942192077637,11.171801567077637,11.613992691040039,11.338397979736328,10.631328582763672,11.88748836517334,12.099836349487305,10.4507474899292,10.535046577453613,10.306117057800293,10.998329162597656,10.697005271911621,10.47596263885498,10.931099891662598,10.828692436218262,11.355324745178223,11.138680458068848,11.276557922363281,10.769377708435059,11.56784439086914
17,1,he,f,Mismatch,1,"When he was in court, the MASKTOKEN trusted the knight most of all.","When he was in court, the",lady,"When he was in court, the",12.537108421325684,12.115888595581055,12.590806007385254,12.120434761047363,11.986831665039062,12.75153636932373,12.807488441467285,12.661131858825684,12.69906234741211,12.214101791381836,12.782708168029785,12.823413848876953,11.4102783203125,12.07313346862793,11.321208000183105,12.15560531616211,11.730245590209961,11.602456092834473,11.879164695739746,12.198885917663574,12.494769096374512,12.183586120605469,12.810860633850098,12.030731201171875,12.582141876220703
18,1,he,m,Match,1,"When he was poorly, the MASKTOKEN depressed the actress very often.","When he was poorly, the",man,"When he was poorly, the",7.7496442794799805,7.44482421875,8.227587699890137,7.715285301208496,7.666832447052002,8.282252311706543,7.394690990447998,8.573709487915039,8.562482833862305,7.210262298583984,8.725415229797363,8.406023025512695,7.2087836265563965,8.314925193786621,8.013483047485352,8.166422843933105,7.870147705078125,8.504127502441406,7.294429302215576,6.943887710571289,7.732209205627441,8.387290000915527,8.024115562438965,7.068722248077393,8.61571979522705
18,1,she,m,Mismatch,1,"When she was poorly, the MASKTOKEN depressed the actress very often.","When she was poorly, the",man,"When she was poorly, the",8.104970932006836,7.921229839324951,8.44776725769043,8.122167587280273,8.398554801940918,8.726954460144043,7.8749003410339355,8.779470443725586,8.944381713867188,7.360626220703125,9.219653129577637,8.881752014160156,7.486583709716797,8.787138938903809,8.424869537353516,8.852494239807129,8.118144989013672,8.787474632263184,7.652806758880615,7.4296159744262695,7.991133689880371,8.604693412780762,8.46198844909668,7.29501485824585,8.820745468139648
18,1,she,f,Match,0,"When she was poorly, the MASKTOKEN depressed the man very often.","When she was poorly, the",actress,"When she was poorly, the",9.312041282653809,9.934139251708984,10.039268493652344,9.459592819213867,10.706499099731445,6.999563694000244,9.852136611938477,9.106054306030273,10.276369094848633,10.864578247070312,10.381582260131836,11.161564826965332,10.994674682617188,9.317306518554688,10.873467445373535,10.248806953430176,9.31467342376709,10.442951202392578,10.420059204101562,11.044858932495117,9.41028118133545,10.117121696472168,10.325103759765625,9.677248001098633,10.095999717712402
18,1,he,f,Mismatch,0,"When he was poorly, the MASKTOKEN depressed the man very often.","When he was poorly, the",actress,"When he was poorly, the",10.911283493041992,11.285517692565918,11.609329223632812,11.48922061920166,12.324134826660156,9.086627960205078,11.579221725463867,10.77318000793457,12.155965805053711,12.520872116088867,11.175268173217773,12.127140045166016,12.403616905212402,11.1038179397583,12.002657890319824,11.987691879272461,11.030763626098633,11.767226219177246,11.46284008026123,12.851645469665527,10.803223609924316,11.456464767456055,12.340402603149414,11.19874095916748,11.322063446044922
19,1,he,m,Match,0,"When he arrived, the MASKTOKEN upset the lady with the story.","When he arrived, the",policeman,"When he arrived, the",14.49516773223877,13.378365516662598,13.390381813049316,14.182198524475098,13.469539642333984,13.767866134643555,15.26107120513916,13.974966049194336,13.886427879333496,13.487752914428711,14.07487964630127,14.857522010803223,13.074002265930176,14.15946102142334,14.909248352050781,14.186195373535156,13.828731536865234,13.52759838104248,14.616372108459473,13.494427680969238,14.487460136413574,14.153035163879395,14.415994644165039,14.030887603759766,13.661094665527344
19,1,she,m,Mismatch,0,"When she arrived, the MASKTOKEN upset the lady with the story.","When she arrived, the",policeman,"When she arrived, the",14.490718841552734,13.850388526916504,13.16992473602295,14.546307563781738,14.358809471130371,14.572213172912598,15.467744827270508,14.22976016998291,14.117423057556152,13.482646942138672,14.168844223022461,15.083394050598145,13.163535118103027,14.674416542053223,15.110963821411133,14.602167129516602,14.086402893066406,13.624314308166504,14.99855899810791,13.883649826049805,14.7594575881958,14.10001277923584,14.782343864440918,14.337762832641602,13.433488845825195
19,1,she,f,Match,0,"When she arrived, the MASKTOKEN upset the policeman with the story.","When she arrived, the",lady,"When she arrived, the",11.920755386352539,10.910136222839355,10.703160285949707,10.684531211853027,11.556328773498535,10.925790786743164,10.718098640441895,11.514081001281738,10.77303695678711,10.574326515197754,11.445793151855469,12.367989540100098,10.668706893920898,10.59543228149414,10.77082633972168,10.82986831665039,10.926620483398438,10.109644889831543,11.478957176208496,11.005962371826172,11.283011436462402,11.426746368408203,11.413387298583984,10.51407241821289,11.757789611816406
19,1,he,f,Mismatch,0,"When he arrived, the MASKTOKEN upset the policeman with the story.","When he arrived, the",lady,"When he arrived, the",12.916122436523438,12.227531433105469,12.193854331970215,12.090520858764648,12.876216888427734,12.643685340881348,12.501925468444824,12.517510414123535,12.034032821655273,12.084224700927734,12.464424133300781,13.15158462524414,11.684185028076172,12.258056640625,11.796133041381836,12.08375358581543,12.113228797912598,11.300382614135742,12.470762252807617,12.264577865600586,12.450203895568848,12.552430152893066,13.054312705993652,11.83326244354248,12.982161521911621
20,1,he,m,Match,0,"When he was appointed, the MASKTOKEN bribed the secretary shortly afterwards.","When he was appointed, the",chairman,"When he was appointed, the",9.82308578491211,9.292859077453613,10.213284492492676,9.931294441223145,9.670628547668457,10.968171119689941,9.477439880371094,9.847966194152832,9.620651245117188,10.054898262023926,10.0553560256958,9.957371711730957,10.07861328125,9.302970886230469,9.183260917663574,10.126056671142578,9.659418106079102,9.557902336120605,10.362409591674805,10.023659706115723,10.45773696899414,10.701855659484863,10.242897987365723,10.685775756835938,8.643965721130371
20,1,she,m,Mismatch,0,"When she was appointed, the MASKTOKEN bribed the secretary shortly afterwards.","When she was appointed, the",chairman,"When she was appointed, the",10.14891529083252,9.754191398620605,10.767093658447266,10.429067611694336,10.488114356994629,11.453400611877441,9.79206371307373,10.368170738220215,10.766942977905273,10.345749855041504,10.345088005065918,10.15740966796875,10.364181518554688,9.958649635314941,9.556232452392578,10.837559700012207,9.87814998626709,9.828713417053223,10.84432315826416,10.250692367553711,10.819266319274902,11.241211891174316,10.825757026672363,11.207942962646484,9.252312660217285
20,1,she,f,Match,1,"When she was appointed, the MASKTOKEN bribed the chairman shortly afterwards.","When she was appointed, the",secretary,"When she was appointed, the",10.110848426818848,8.890399932861328,10.141246795654297,9.11070442199707,9.43415641784668,10.333623886108398,10.422733306884766,9.976851463317871,9.19584846496582,9.667886734008789,9.83639907836914,10.389394760131836,9.983064651489258,8.324458122253418,9.190695762634277,10.453598022460938,9.53400993347168,8.778318405151367,9.486597061157227,8.83459186553955,10.439165115356445,9.642548561096191,9.984286308288574,10.141255378723145,8.499754905700684
20,1,he,f,Mismatch,1,"When he was appointed, the MASKTOKEN bribed the chairman shortly afterwards.","When he was appointed, the",secretary,"When he was appointed, the",9.962475776672363,8.941786766052246,9.991823196411133,9.1785888671875,9.505294799804688,10.447503089904785,10.223273277282715,9.913143157958984,8.470596313476562,9.663673400878906,9.913851737976074,10.230027198791504,9.89451789855957,8.417777061462402,8.977073669433594,10.135564804077148,9.435726165771484,8.729057312011719,9.462706565856934,9.244793891906738,10.468019485473633,9.597819328308105,9.743928909301758,10.148435592651367,8.339420318603516
21,1,he,m,Match,1,"When he was fired, the MASKTOKEN blamed the woman for the mess.","When he was fired, the",man,"When he was fired, the",7.751590251922607,7.391910552978516,7.786984443664551,7.290431976318359,7.8882856369018555,8.403897285461426,7.836831092834473,7.4127068519592285,8.281251907348633,7.033930778503418,8.247657775878906,8.814826965332031,7.737391948699951,7.996671676635742,8.115472793579102,7.545923233032227,7.606327533721924,7.252055644989014,7.8674726486206055,7.219200134277344,7.782562732696533,7.445979595184326,7.66915225982666,7.083673477172852,7.999267101287842
21,1,she,m,Mismatch,1,"When she was fired, the MASKTOKEN blamed the woman for the mess.","When she was fired, the",man,"When she was fired, the",8.066882133483887,7.8924970626831055,7.926941871643066,7.6280694007873535,8.557307243347168,8.964522361755371,8.318263053894043,7.641366481781006,8.602749824523926,7.217397689819336,8.650799751281738,9.2241849899292,7.948178291320801,8.450139045715332,8.430367469787598,8.111278533935547,7.941140651702881,7.548935413360596,8.136404037475586,7.531685829162598,8.006587982177734,7.772932052612305,8.088088989257812,7.312723636627197,8.210138320922852
21,1,she,f,Match,1,"When she was fired, the MASKTOKEN blamed the man for the mess.","When she was fired, the",woman,"When she was fired, the",8.333362579345703,7.676448345184326,7.723631858825684,7.567625999450684,8.362356185913086,7.769111156463623,7.548010349273682,7.6471452713012695,8.517276763916016,7.419450283050537,9.609597206115723,9.85473918914795,8.5806245803833,7.427030563354492,9.355639457702637,8.113333702087402,7.890711784362793,7.712671279907227,8.29931926727295,8.09215259552002,8.55809211730957,8.279032707214355,8.781593322753906,7.79902458190918,7.970229148864746
21,1,he,f,Mismatch,1,"When he was fired, the MASKTOKEN blamed the man for the mess.","When he was fired, the",woman,"When he was fired, the",9.662102699279785,9.30903434753418,9.508208274841309,9.345208168029785,10.380919456481934,9.737192153930664,9.084552764892578,9.20182991027832,10.15826416015625,9.11689567565918,10.748102188110352,10.774242401123047,9.934069633483887,9.182263374328613,10.346556663513184,9.456218719482422,9.532370567321777,8.978278160095215,9.27079963684082,9.921332359313965,9.731024742126465,9.600177764892578,10.573793411254883,9.351943016052246,9.382974624633789
22,1,he,m,Match,1,"When he was close, the MASKTOKEN recognized the girl on the path.","When he was close, the",boy,"When he was close, the",9.529389381408691,9.692378044128418,8.995911598205566,8.66034984588623,8.778961181640625,8.982922554016113,8.543429374694824,9.422119140625,8.625292778015137,9.18254280090332,8.394491195678711,9.91031265258789,8.340057373046875,8.476117134094238,9.46612548828125,8.729105949401855,8.719114303588867,8.161407470703125,8.632295608520508,8.588851928710938,8.779425621032715,8.343750953674316,9.037068367004395,8.63369083404541,9.004427909851074
22,1,she,m,Mismatch,1,"When she was close, the MASKTOKEN recognized the girl on the path.","When she was close, the",boy,"When she was close, the",9.69011116027832,9.896310806274414,8.889554023742676,8.95553207397461,9.152566909790039,8.816225051879883,8.49007797241211,9.497069358825684,9.09936237335205,9.193687438964844,8.769851684570312,9.968995094299316,8.244388580322266,8.620258331298828,9.684057235717773,9.199779510498047,8.606911659240723,8.429652214050293,8.635313987731934,8.775518417358398,9.029535293579102,8.728618621826172,9.285221099853516,8.597512245178223,8.926387786865234
22,1,she,f,Match,1,"When she was close, the MASKTOKEN recognized the boy on the path.","When she was close, the",girl,"When she was close, the",9.763320922851562,8.356208801269531,8.535816192626953,8.352246284484863,8.34473705291748,8.242700576782227,7.752216815948486,8.681072235107422,8.205044746398926,8.543696403503418,9.392144203186035,10.222089767456055,8.311169624328613,7.824840545654297,9.639403343200684,9.759223937988281,8.540753364562988,9.067839622497559,9.38304328918457,8.307007789611816,8.826888084411621,9.13829231262207,9.629657745361328,7.811825275421143,9.011027336120605
22,1,he,f,Mismatch,1,"When he was close, the MASKTOKEN recognized the boy on the path.","When he was close, the",girl,"When he was close, the",11.019632339477539,9.764015197753906,10.144879341125488,9.652945518493652,9.933398246765137,10.157906532287598,9.236830711364746,10.074637413024902,9.798704147338867,9.896502494812012,10.334089279174805,11.010980606079102,9.577569961547852,9.298498153686523,10.679853439331055,11.091437339782715,9.839893341064453,10.188529014587402,10.376057624816895,9.899889945983887,9.880202293395996,10.383235931396484,11.335738182067871,9.355110168457031,10.301919937133789
23,1,he,m,Match,0,"When he was retired, the MASKTOKEN visited the lady almost every day.","When he was retired, the",lord,"When he was retired, the",11.325812339782715,10.4266939163208,11.075932502746582,10.766302108764648,11.723498344421387,12.421287536621094,11.690526962280273,11.399825096130371,10.745650291442871,10.828140258789062,10.818782806396484,10.369828224182129,11.415140151977539,11.513598442077637,11.462515830993652,10.865301132202148,10.91038703918457,11.58055591583252,11.212881088256836,11.214208602905273,12.189679145812988,10.969764709472656,10.995858192443848,10.9911527633667,11.400552749633789
23,1,she,m,Mismatch,0,"When she was retired, the MASKTOKEN visited the lady almost every day.","When she was retired, the",lord,"When she was retired, the",11.647407531738281,10.730929374694824,11.230164527893066,11.142895698547363,12.199557304382324,12.67182445526123,11.421605110168457,11.846185684204102,10.930854797363281,10.807126998901367,11.010639190673828,10.315823554992676,11.51011848449707,11.572070121765137,11.563283920288086,10.919373512268066,10.972593307495117,11.823122024536133,11.287948608398438,11.646020889282227,11.944445610046387,11.055229187011719,11.19318962097168,11.1770601272583,11.620203971862793
23,1,she,f,Match,0,"When she was retired, the MASKTOKEN visited the lord almost every day.","When she was retired, the",lady,"When she was retired, the",11.6281156539917,11.296660423278809,11.091089248657227,11.00448989868164,11.01121711730957,11.41015338897705,10.933908462524414,11.464385032653809,11.443493843078613,10.683932304382324,11.479985237121582,12.201026916503906,10.948137283325195,10.824764251708984,11.035748481750488,10.953198432922363,11.012118339538574,10.639653205871582,10.837482452392578,11.25443172454834,11.55536937713623,11.996947288513184,11.877325057983398,10.927166938781738,12.000239372253418
23,1,he,f,Mismatch,0,"When he was retired, the MASKTOKEN visited the lord almost every day.","When he was retired, the",lady,"When he was retired, the",12.641077041625977,12.668930053710938,12.62682056427002,12.419379234313965,12.446990013122559,13.014410972595215,12.701193809509277,12.460326194763184,12.567940711975098,12.209440231323242,12.45691204071045,13.056998252868652,12.005927085876465,12.534276962280273,12.051407814025879,12.200386047363281,12.129666328430176,11.759528160095215,11.88040542602539,12.671478271484375,12.680208206176758,13.181669235229492,13.587085723876953,12.141935348510742,13.05845832824707
24,1,he,m,Match,1,"When he was abroad, the MASKTOKEN forgave the lady for all the troubles.","When he was abroad, the",lord,"When he was abroad, the",11.516097068786621,10.408382415771484,10.772672653198242,11.0439453125,11.296920776367188,12.143446922302246,11.57045841217041,11.379199981689453,10.97230052947998,10.4812650680542,11.01398754119873,10.154459953308105,10.875404357910156,11.203899383544922,11.079095840454102,10.874109268188477,10.836444854736328,11.335672378540039,11.220595359802246,10.862390518188477,12.366297721862793,10.649060249328613,10.556970596313477,10.958354949951172,10.971288681030273
24,1,she,m,Mismatch,1,"When she was abroad, the MASKTOKEN forgave the lady for all the troubles.","When she was abroad, the",lord,"When she was abroad, the",11.846196174621582,10.693586349487305,10.974365234375,11.423951148986816,11.673075675964355,12.347960472106934,11.264461517333984,11.825148582458496,11.096522331237793,10.443302154541016,11.204876899719238,10.215409278869629,10.999553680419922,11.248167991638184,11.191627502441406,11.09638500213623,10.886521339416504,11.570989608764648,11.317647933959961,11.294865608215332,12.139185905456543,10.856550216674805,10.77120304107666,11.070638656616211,11.166141510009766
24,1,she,f,Match,1,"When she was abroad, the MASKTOKEN forgave the duke for all the troubles.","When she was abroad, the",lady,"When she was abroad, the",11.76768684387207,10.950723648071289,11.322760581970215,10.974270820617676,11.174942970275879,11.126619338989258,10.684198379516602,11.750456809997559,11.822230339050293,10.562076568603516,12.203669548034668,12.51909065246582,10.880841255187988,10.619616508483887,10.670928955078125,11.146585464477539,10.915512084960938,10.319302558898926,11.293831825256348,10.921998977661133,11.241195678710938,11.509383201599121,11.214311599731445,10.635513305664062,11.937973022460938
24,1,he,f,Mismatch,1,"When he was abroad, the MASKTOKEN forgave the duke for all the troubles.","When he was abroad, the",lady,"When he was abroad, the",12.738041877746582,12.339083671569824,12.696002960205078,12.525683403015137,12.67758846282959,12.817840576171875,12.427826881408691,12.726344108581543,13.170989990234375,12.176682472229004,13.17261028289795,13.267709732055664,11.90886116027832,12.346787452697754,11.77575397491455,12.419856071472168,12.073949813842773,11.474254608154297,12.32254409790039,12.294940948486328,12.449203491210938,12.601920127868652,12.868256568908691,11.975600242614746,13.015491485595703
25,1,he,m,Match,0,"When he was discovered, the MASKTOKEN blamed the mistress straight away.","When he was discovered, the",husband,"When he was discovered, the",12.264586448669434,12.890886306762695,13.095172882080078,12.185391426086426,12.258298873901367,12.856719970703125,13.095080375671387,12.863805770874023,12.699108123779297,12.343474388122559,13.329557418823242,13.551775932312012,12.912836074829102,11.224629402160645,12.800957679748535,12.548120498657227,11.98459529876709,12.685132026672363,12.112025260925293,13.202042579650879,12.106881141662598,12.430583953857422,12.759255409240723,11.680434226989746,12.083211898803711
25,1,she,m,Mismatch,0,"When she was discovered, the MASKTOKEN blamed the mistress straight away.","When she was discovered, the",husband,"When she was discovered, the",10.751639366149902,10.923307418823242,10.877058029174805,10.254144668579102,10.589056015014648,10.500730514526367,11.142451286315918,11.139142036437988,10.785094261169434,10.50471305847168,12.215081214904785,12.491294860839844,11.195086479187012,9.49233341217041,11.559944152832031,11.174649238586426,9.722046852111816,11.027081489562988,10.62452507019043,10.641121864318848,10.732080459594727,11.049673080444336,10.573851585388184,9.657739639282227,10.529151916503906
25,1,she,f,Match,0,"When she was discovered, the MASKTOKEN blamed the husband straight away.","When she was discovered, the",mistress,"When she was discovered, the",13.886896133422852,14.665300369262695,15.07764720916748,14.118534088134766,14.370513916015625,14.06885051727295,14.077073097229004,14.35628890991211,14.137271881103516,13.698118209838867,15.438828468322754,15.415735244750977,14.472939491271973,14.064278602600098,15.589242935180664,13.965421676635742,15.072785377502441,14.0307035446167,14.585168838500977,13.93799114227295,14.611263275146484,13.922094345092773,14.295601844787598,13.753150939941406,14.696149826049805
25,1,he,f,Mismatch,0,"When he was discovered, the MASKTOKEN blamed the husband straight away.","When he was discovered, the",mistress,"When he was discovered, the",14.731773376464844,15.349513053894043,16.473180770874023,15.196272850036621,15.246170043945312,15.224396705627441,15.304276466369629,15.529311180114746,15.104528427124023,15.094573020935059,16.045581817626953,15.663178443908691,15.512392044067383,15.21543025970459,16.27436637878418,14.576391220092773,15.92934513092041,14.715286254882812,15.360125541687012,15.13161849975586,15.440913200378418,14.688628196716309,15.489856719970703,14.7009916305542,15.464159965515137
26,1,he,m,Match,1,"When he was busy, the MASKTOKEN avoided the lady as much as possible.","When he was busy, the",man,"When he was busy, the",8.556177139282227,7.759099006652832,7.904519081115723,7.593955039978027,7.993441104888916,8.926944732666016,7.9618120193481445,8.320903778076172,8.33370304107666,7.126633644104004,8.445301055908203,8.482893943786621,7.7522053718566895,7.982851028442383,8.208311080932617,8.096631050109863,7.8199462890625,7.774881362915039,7.8969244956970215,7.126114845275879,8.337964057922363,8.173564910888672,8.31882095336914,7.357882976531982,8.34002685546875
26,1,she,m,Mismatch,1,"When she was busy, the MASKTOKEN avoided the lady as much as possible.","When she was busy, the",man,"When she was busy, the",8.935951232910156,8.218059539794922,8.083525657653809,7.926699638366699,8.602641105651855,9.35063362121582,8.340726852416992,8.505751609802246,8.630316734313965,7.261417865753174,8.862786293029785,8.91813850402832,8.070464134216309,8.414505004882812,8.563899040222168,8.665678977966309,8.081159591674805,8.045836448669434,8.09959602355957,7.510281562805176,8.537205696105957,8.43161678314209,8.666486740112305,7.57041072845459,8.483163833618164
26,1,she,f,Match,1,"When she was busy, the MASKTOKEN avoided the man as much as possible.","When she was busy, the",lady,"When she was busy, the",12.009696960449219,11.116812705993652,11.164647102355957,10.879986763000488,11.585695266723633,11.7162504196167,10.703927993774414,11.970418930053711,11.45875358581543,10.506246566772461,11.809388160705566,12.591944694519043,10.733683586120605,10.752731323242188,10.429987907409668,11.232340812683105,11.307708740234375,11.07627010345459,11.556458473205566,11.357626914978027,11.567989349365234,11.438355445861816,11.680642127990723,10.938740730285645,12.100591659545898
26,1,he,f,Mismatch,1,"When he was busy, the MASKTOKEN avoided the man as much as possible.","When he was busy, the",lady,"When he was busy, the",13.001252174377441,12.504067420959473,12.660048484802246,12.307918548583984,12.923441886901855,13.400762557983398,12.392145156860352,13.039875984191895,12.7639799118042,12.16252326965332,12.886351585388184,13.331145286560059,11.772359848022461,12.431708335876465,11.538972854614258,12.470781326293945,12.438664436340332,12.229996681213379,12.566372871398926,12.798018455505371,12.788325309753418,12.616966247558594,13.378152847290039,12.159614562988281,13.197792053222656
27,1,he,m,Match,0,"When he was twenty-one, the MASKTOKEN married the bride in the cathedral.","When he was twenty-one, the",prince,"When he was twenty-one, the",9.875061988830566,9.336363792419434,9.606112480163574,10.143387794494629,9.755186080932617,8.912766456604004,9.72607707977295,9.977765083312988,10.694561958312988,9.816548347473145,9.799689292907715,9.929694175720215,9.561638832092285,9.90988826751709,9.391550064086914,8.833352088928223,10.01303482055664,9.211627006530762,9.38333511352539,9.420226097106934,10.394401550292969,9.901128768920898,10.1712646484375,9.879379272460938,9.500597953796387
27,1,she,m,Mismatch,0,"When she was twenty-one, the MASKTOKEN married the bride in the cathedral.","When she was twenty-one, the",prince,"When she was twenty-one, the",9.750494003295898,9.195306777954102,8.893956184387207,9.915146827697754,9.720471382141113,8.697620391845703,9.456036567687988,9.961688041687012,10.670074462890625,9.352949142456055,9.83149242401123,9.989933013916016,9.244622230529785,9.598061561584473,9.259296417236328,8.5736083984375,9.87342643737793,9.32179069519043,9.1841459274292,9.514046669006348,10.118748664855957,9.787881851196289,9.904730796813965,10.122254371643066,9.432040214538574
27,1,she,f,Match,0,"When she was twenty-one, the MASKTOKEN married the prince in the cathedral.","When she was twenty-one, the",bride,"When she was twenty-one, the",12.21872615814209,12.592751502990723,11.417189598083496,12.016082763671875,12.860899925231934,10.054522514343262,11.936582565307617,10.768925666809082,13.373604774475098,12.091226577758789,13.315421104431152,13.213757514953613,12.519392967224121,12.438285827636719,13.465773582458496,12.040882110595703,12.645980834960938,12.365703582763672,13.890875816345215,12.82960319519043,12.868809700012207,13.23621654510498,12.564602851867676,12.556600570678711,12.435080528259277
27,1,he,f,Mismatch,0,"When he was twenty-one, the MASKTOKEN married the prince in the cathedral.","When he was twenty-one, the",bride,"When he was twenty-one, the",13.252894401550293,13.492836952209473,12.859386444091797,13.18585205078125,13.887029647827148,11.795636177062988,13.086508750915527,12.030714988708496,14.279589653015137,13.371186256408691,13.783574104309082,13.924629211425781,13.431825637817383,13.393827438354492,14.28396224975586,13.246535301208496,13.374200820922852,12.940712928771973,14.583748817443848,13.995521545410156,13.932284355163574,14.034124374389648,13.76229476928711,13.641579627990723,13.365331649780273
28,1,he,m,Match,0,"When he was annoyed, the MASKTOKEN disliked the maid very much.","When he was annoyed, the",general,"When he was annoyed, the",9.443962097167969,9.137866020202637,9.350709915161133,9.243145942687988,8.325886726379395,9.2930269241333,9.047329902648926,9.210311889648438,9.026436805725098,8.146134376525879,8.550259590148926,7.928961277008057,8.713096618652344,8.587077140808105,8.841174125671387,8.737029075622559,8.38243579864502,8.675642967224121,9.022254943847656,9.046445846557617,9.13968563079834,8.199667930603027,7.943575859069824,9.110615730285645,9.477094650268555
28,1,she,m,Mismatch,0,"When she was annoyed, the MASKTOKEN disliked the maid very much.","When she was annoyed, the",general,"When she was annoyed, the",9.648469924926758,9.289178848266602,9.633186340332031,9.5985689163208,8.974998474121094,9.817924499511719,9.485405921936035,9.432488441467285,9.580156326293945,8.481441497802734,8.86476993560791,8.108821868896484,9.098037719726562,8.940360069274902,9.163036346435547,9.127881050109863,8.688102722167969,8.836153984069824,9.3577299118042,9.40113353729248,9.373916625976562,8.371837615966797,8.431283950805664,9.335699081420898,9.833843231201172
28,1,she,f,Match,1,"When she was annoyed, the MASKTOKEN disliked the general very much.","When she was annoyed, the",maid,"When she was annoyed, the",13.856660842895508,14.167778968811035,13.111690521240234,13.629511833190918,13.836663246154785,13.41251277923584,14.36080551147461,13.729077339172363,14.250569343566895,12.987762451171875,13.34673023223877,14.679847717285156,13.42124080657959,12.550251960754395,14.409773826599121,14.185408592224121,13.845453262329102,13.50903606414795,14.538684844970703,13.802427291870117,15.202573776245117,14.542664527893066,13.3259916305542,12.893921852111816,13.12596321105957
28,1,he,f,Mismatch,1,"When he was annoyed, the MASKTOKEN disliked the general very much.","When he was annoyed, the",maid,"When he was annoyed, the",15.008280754089355,15.335930824279785,14.78688907623291,15.04923152923584,15.35838794708252,15.354254722595215,16.249958038330078,15.540376663208008,15.714269638061523,14.765962600708008,14.249802589416504,15.556714057922363,14.793021202087402,14.141072273254395,15.624728202819824,15.603752136230469,15.113534927368164,14.52115249633789,15.682140350341797,15.207902908325195,16.51319122314453,15.65481948852539,15.181245803833008,14.473628044128418,14.447589874267578
29,1,he,m,Match,1,"When he was in church, the MASKTOKEN congratulated the sister about the charity work.","When he was in church, the",priest,"When he was in church, the",11.287689208984375,11.928072929382324,10.670272827148438,10.696673393249512,10.965346336364746,12.130594253540039,12.026921272277832,10.68038558959961,10.604419708251953,11.366640090942383,10.352579116821289,11.727712631225586,11.15192699432373,10.806319236755371,10.753120422363281,11.292699813842773,10.975017547607422,10.332967758178711,11.591425895690918,10.331912994384766,10.682262420654297,12.257084846496582,11.658899307250977,10.663138389587402,10.93196964263916
29,1,she,m,Mismatch,1,"When she was in church, the MASKTOKEN congratulated the sister about the charity work.","When she was in church, the",priest,"When she was in church, the",11.433040618896484,12.533197402954102,10.634404182434082,11.178570747375488,11.647226333618164,12.57258129119873,12.348938941955566,11.219147682189941,10.871055603027344,11.409814834594727,10.734579086303711,12.397543907165527,11.549419403076172,11.172539710998535,11.12685775756836,11.788021087646484,11.796977996826172,10.816251754760742,11.824868202209473,10.630660057067871,10.826628684997559,12.825963973999023,11.794526100158691,11.08574104309082,11.134187698364258
29,1,she,f,Match,0,"When she was in church, the MASKTOKEN congratulated the priest about the charity work.","When she was in church, the",sister,"When she was in church, the",12.18341064453125,12.932287216186523,12.019049644470215,11.828527450561523,11.69187068939209,11.171008110046387,12.652141571044922,11.35818099975586,12.399002075195312,12.000795364379883,12.144737243652344,12.993195533752441,12.443415641784668,11.62341594696045,11.59577465057373,10.520550727844238,11.973156929016113,10.778749465942383,12.217896461486816,10.78883171081543,12.585087776184082,12.437052726745605,11.931181907653809,12.12740707397461,12.819684028625488
29,1,he,f,Mismatch,0,"When he was in church, the MASKTOKEN congratulated the priest about the charity work.","When he was in church, the",sister,"When he was in church, the",12.911198616027832,13.626030921936035,12.936463356018066,12.84855842590332,12.525407791137695,12.435458183288574,13.440671920776367,12.325878143310547,13.032623291015625,12.808018684387207,13.028573989868164,13.334662437438965,13.145813941955566,12.426179885864258,12.157419204711914,11.563346862792969,12.966771125793457,11.400138854980469,13.048982620239258,11.696102142333984,13.247149467468262,13.016569137573242,13.07461929321289,12.84600830078125,13.549273490905762
30,1,he,m,Match,0,"When he was banished, the MASKTOKEN missed the witch a great deal.","When he was banished, the",wizard,"When he was banished, the",13.180049896240234,14.26484203338623,13.105499267578125,13.861645698547363,14.283082962036133,13.114307403564453,13.639904022216797,13.927443504333496,14.431044578552246,13.762384414672852,13.330693244934082,13.14294147491455,13.214871406555176,13.480694770812988,14.935904502868652,14.569825172424316,13.88528060913086,13.422003746032715,13.334510803222656,13.706952095031738,14.421211242675781,13.413240432739258,13.4090576171875,13.683568000793457,14.481738090515137
30,1,she,m,Mismatch,0,"When she was banished, the MASKTOKEN missed the witch a great deal.","When she was banished, the",wizard,"When she was banished, the",13.442927360534668,14.79023265838623,13.427018165588379,14.125476837158203,14.64795207977295,13.463371276855469,13.388435363769531,13.740153312683105,14.487736701965332,13.71472454071045,13.580172538757324,13.313133239746094,13.288777351379395,13.904684066772461,15.058073997497559,14.669154167175293,14.270374298095703,13.693704605102539,13.295318603515625,13.913944244384766,14.376632690429688,13.96114730834961,13.648639678955078,13.61552619934082,14.743825912475586
30,1,she,f,Match,0,"When she was banished, the MASKTOKEN missed the wizard a great deal.","When she was banished, the",witch,"When she was banished, the",13.700064659118652,14.044663429260254,12.828003883361816,13.157605171203613,14.52885913848877,12.613866806030273,13.738204002380371,13.564436912536621,13.762889862060547,13.834820747375488,12.65963077545166,15.032648086547852,13.076316833496094,13.421905517578125,14.53715705871582,13.607404708862305,15.137660026550293,14.036503791809082,13.555322647094727,13.394828796386719,12.703104972839355,14.329440116882324,13.464546203613281,13.53905200958252,13.397635459899902
30,1,he,f,Mismatch,0,"When he was banished, the MASKTOKEN missed the wizard a great deal.","When he was banished, the",witch,"When he was banished, the",14.844176292419434,15.335501670837402,14.087669372558594,14.627327919006348,15.777368545532227,14.199790000915527,15.442140579223633,14.529848098754883,14.949883460998535,15.050596237182617,13.579389572143555,15.96670150756836,13.828544616699219,15.137622833251953,15.440659523010254,14.733818054199219,15.85004997253418,14.551529884338379,14.47443962097168,14.689033508300781,14.003873825073242,15.150186538696289,14.87535285949707,14.754446029663086,14.272915840148926
31,1,he,m,Match,0,"When he was angry, the MASKTOKEN ignored the lady all the time.","When he was angry, the",man,"When he was angry, the",8.028037071228027,7.066612720489502,7.544111251831055,7.46866512298584,7.608500003814697,8.07352066040039,8.204484939575195,7.824021816253662,8.095405578613281,6.782619953155518,7.861598014831543,8.518829345703125,7.394115924835205,7.577889919281006,8.041386604309082,7.653120517730713,7.70941686630249,7.753667831420898,7.332877159118652,6.741201877593994,7.5648369789123535,7.962317943572998,7.755194187164307,6.766556262969971,7.88960075378418
31,1,she,m,Mismatch,0,"When she was angry, the MASKTOKEN ignored the lady all the time.","When she was angry, the",man,"When she was angry, the",8.392720222473145,7.522505760192871,7.76323127746582,7.7822651863098145,8.142345428466797,8.472724914550781,8.585941314697266,7.976266860961914,8.374868392944336,6.954122543334961,8.180586814880371,8.89277172088623,7.597777843475342,8.019002914428711,8.341604232788086,8.086852073669434,8.022982597351074,7.972249984741211,7.599566459655762,7.110377788543701,7.780521392822266,8.064796447753906,8.153905868530273,6.988473415374756,8.038010597229004
31,1,she,f,Match,1,"When she was angry, the MASKTOKEN ignored the man all the time.","When she was angry, the",lady,"When she was angry, the",11.660238265991211,10.876973152160645,11.014734268188477,10.731931686401367,11.78966236114502,10.951422691345215,11.1514310836792,11.999052047729492,11.006221771240234,10.142967224121094,11.85287857055664,13.046574592590332,10.554282188415527,10.316842079162598,11.192695617675781,11.129643440246582,11.621591567993164,10.442983627319336,11.506543159484863,11.303800582885742,11.226767539978027,11.522990226745605,11.811677932739258,10.489144325256348,11.595983505249023
31,1,he,f,Mismatch,1,"When he was angry, the MASKTOKEN ignored the man all the time.","When he was angry, the",lady,"When he was angry, the",12.655823707580566,12.215814590454102,12.467376708984375,12.136422157287598,13.121800422668457,12.632184982299805,12.869283676147461,13.049274444580078,12.337003707885742,11.6625394821167,12.693367958068848,13.905423164367676,11.568583488464355,11.90829086303711,12.28016471862793,12.319463729858398,12.809751510620117,11.534339904785156,12.478750228881836,12.659253120422363,12.501866340637207,12.776598930358887,13.426663398742676,11.724260330200195,12.709892272949219
32,1,he,m,Match,0,"When he was distraught, the MASKTOKEN visited the nun straight away.","When he was distraught, the",bishop,"When he was distraught, the",12.367520332336426,12.01166820526123,12.059621810913086,11.403953552246094,12.081365585327148,11.98563003540039,12.762923240661621,12.770086288452148,11.865355491638184,12.103102684020996,11.484548568725586,12.60630989074707,11.961660385131836,10.95438003540039,11.488539695739746,11.532088279724121,11.990580558776855,11.41911506652832,11.981546401977539,12.439484596252441,12.719596862792969,12.350481033325195,12.094972610473633,12.877320289611816,12.835360527038574
32,1,she,m,Mismatch,0,"When she was distraught, the MASKTOKEN visited the nun straight away.","When she was distraught, the",bishop,"When she was distraught, the",12.513165473937988,12.482483863830566,12.320460319519043,11.71337604522705,12.63450813293457,12.507554054260254,12.943313598632812,13.38779354095459,12.20138168334961,11.97575855255127,11.444504737854004,12.887069702148438,12.451409339904785,11.399186134338379,11.793749809265137,11.781550407409668,12.419516563415527,11.856396675109863,12.262855529785156,12.882972717285156,12.697771072387695,12.755514144897461,12.097805976867676,13.33128833770752,13.311293601989746
32,1,she,f,Match,0,"When she was distraught, the MASKTOKEN visited the bishop straight away.","When she was distraught, the",nun,"When she was distraught, the",14.854208946228027,15.281079292297363,13.813881874084473,14.273836135864258,14.504697799682617,12.95215892791748,14.491682052612305,14.994539260864258,13.18891429901123,13.542449951171875,15.31411361694336,14.130620002746582,15.102474212646484,14.842691421508789,15.46407699584961,13.643033981323242,15.17016887664795,14.619070053100586,15.73193645477295,15.578755378723145,14.90687084197998,14.637065887451172,14.367558479309082,14.838532447814941,14.088446617126465
32,1,he,f,Mismatch,0,"When he was distraught, the MASKTOKEN visited the bishop straight away.","When he was distraught, the",nun,"When he was distraught, the",16.26712417602539,16.64447593688965,15.778304100036621,16.0695858001709,15.949061393737793,14.873937606811523,16.036115646362305,16.72018814086914,14.629962921142578,15.351317405700684,16.184024810791016,14.803192138671875,16.20087242126465,16.340105056762695,16.661130905151367,15.07358455657959,16.395488739013672,15.626670837402344,16.713788986206055,17.429235458374023,16.083873748779297,15.664779663085938,16.128725051879883,15.805611610412598,15.258235931396484
